isbn_10,author
439023483,Suzanne Collins
439554934,J.K. Rowling
439554934,Mary GrandPre
316015849,Stephenie Meyer
61120081,Harper Lee
743273567,F. Scott Fitzgerald
525478817,John Green
618260307,J.R.R. Tolkien
316769177,J.D. Salinger
1416524797,Dan Brown
679783261,Jane Austen
1594480001,Khaled Hosseini
62024035,Veronica Roth
553296981,Anne Frank
553296981,Eleanor Roosevelt
553296981,B.M. Mooyaart-Doubleday
307269752,Stieg Larsson
307269752,Reg Keeland
439023491,Suzanne Collins
043965548X,J.K. Rowling
043965548X,Mary GrandPre
043965548X,Rufus Beck
439023513,Suzanne Collins
439358078,J.K. Rowling
439358078,Mary GrandPre
316166685,Alice Sebold
439064864,J.K. Rowling
439064864,Mary GrandPre
439139600,J.K. Rowling
439139600,Mary GrandPre
545010225,J.K. Rowling
545010225,Mary GrandPre
307277674,Dan Brown
439785960,J.K. Rowling
439785960,Mary GrandPre
140283331,William Golding
743477111,William Shakespeare
743477111,Robert Jackson
297859382,Gillian Flynn
399155341,Kathryn Stockett
142000671,John Steinbeck
739326228,Arthur Golden
1612130291,E.L. James
385732554,Lois Lowry
60764899,C.S. Lewis
965818675,Audrey Niffenegger
553588486,George R.R. Martin
143038419,Elizabeth Gilbert
786838655,Rick Riordan
451529308,Louisa May Alcott
142437204,Charlotte Bronte
142437204,Michael Mason
770430074,Yann Martel
1565125606,Sara Gruen
375831002,Markus Zusak
316160199,Stephenie Meyer
60513039,Shel Silverstein
1416914285,Cassandra Clare
316160202,Stephenie Meyer
375826696,Christopher Paolini
345391802,Douglas Adams
60929871,Aldous Huxley
031606792X,Stephenie Meyer
142001740,Sue Monk Kidd
142437174,Mark Twain
142437174,John Seelye
142437174,Guy Cardwell
64410935,E.B. White
64410935,Garth Williams
64410935,Rosemary Wells
1400032717,Mark Haddon
1594633665,Paula Hawkins
679879242,Philip Pullman
393978893,Emily Bronte
393978893,Richard J. Dunn
743454537,Jodi Picoult
385333846,Kurt Vonnegut Jr.
446675539,Margaret Mitchell
1594489505,Khaled Hosseini
671027344,Stephen Chbosky
7442912,Veronica Roth
812550706,Orson Scott Card
450040186,Stephen King
316068047,Stephenie Meyer
142402516,John Green
014028009X,Helen Fielding
141439661,Jane Austen
141439661,Tony Tanner
141439661,Ros Ballaster
439244196,Louis Sachar
307275558,Lauren Weisberger
143039954,Homer
143039954,Robert Fagles
143039954,E.V. Rieu
143039954,Frederic Mugler
143039954,Bernard Knox
156012197,Antoine de Saint-Exupery
156012197,Richard Howard
156012197,Dom Marcos Barbosa
156012197,Melina Karakosta
074324754X,Jeannette Walls
385486804,Jon Krakauer
141439602,Charles Dickens
141439602,Richard Maxwell
141439602,Hablot Knight Browne
60256656,Shel Silverstein
385338600,John Grisham
374500010,Elie Wiesel
374500010,Marion Wiesel
014241493X,John Green
345418263,William Goldman
014038572X,S.E. Hinton
385737947,James Dashner
61234001,Steven D. Levitt
61234001,Stephen J. Dubner
517189607,Frances Hodgson Burnett
60531045,Gabriel Garcia Marquez
60531045,Gregory Rabassa
375751513,Oscar Wilde
375751513,Jeffrey Eugenides
345803507,E.L. James
393970124,Bram Stoker
393970124,Nina Auerbach
393970124,David J. Skal
307269981,Stieg Larsson
307269981,Reg Keeland
1612130585,E.L. James
60786507,Barbara Kingsolver
349113912,David Sedaris
99408392,Maurice Sendak
140449264,Alexandre Dumas
140449264,Robin Buss
307265439,Cormac McCarthy
7524277,Veronica Roth
440241413,Sophie Kinsella
451525264,Victor Hugo
451525264,Lee Fahnestock
451525264,Norman MacAfee
553381695,George R.R. Martin
143037145,Kim Edwards
684833395,Joseph Heller
751529818,Mitch Albom
751529818,Saulius Dagys
312422156,Jeffrey Eugenides
143039563,Mark Twain
143039563,Guy Cardwell
143039563,John Seelye
143038095,Amy Tan
038549081X,Margaret Atwood
385729332,Ann Brashares
60987103,Gregory Maguire
60987103,Douglas Smith
582418275,John Grisham
521618746,William Shakespeare
521618746,Richard Andrews
521618746,Rex Gibson
316346624,Malcolm Gladwell
1451648537,Walter Isaacson
451163966,Ken Kesey
684830493,Ernest Hemingway
142000663,John Steinbeck
1401308589,Mitch Albom
451528824,L.M. Montgomery
1416914307,Cassandra Clare
055357342X,George R.R. Martin
006075995X,Rebecca Wells
440242940,Diana Gabaldon
142437263,Nathaniel Hawthorne
142437263,Thomas E. Connolly
142437263,Nina Baym
1594744769,Ransom Riggs
030726999X,Stieg Larsson
030726999X,Reg Keeland
804139024,Andy Weir
451207149,Ken Follett
1476746583,Anthony Doerr
1400064163,Laura Hillenbrand
671027387,Dan Brown
316055433,Donna Tartt
452287022,Tracy Chevalier
525421033,Gayle Forman
312353766,Anita Diamant
786856866,Rick Riordan
446528056,Nicholas Sparks
1416914293,Cassandra Clare
743477103,William Shakespeare
618346260,J.R.R. Tolkien
031232118X,Emily Giffin
394800168,Dr. Seuss
394800168,לאה נאור
142403881,Roald Dahl
142403881,Quentin Blake
1423101464,Rick Riordan
192833596,Charles Dickens
142311339X,Rick Riordan
1250012570,Rainbow Rowell
055358202X,George R.R. Martin
525423648,Ally Condie
747263744,Neil Gaiman
385199570,Stephen King
385199570,Bernie Wrightson
446547565,Nicholas Sparks
552151696,Dan Brown
141439580,Jane Austen
141439580,Fiona Stafford
345803922,Leo Tolstoy
345803922,Louise Maude
345803922,Leo Tolstoj
345803922,Aylmer Maude
739380338,Rick Riordan
451169514,Stephen King
143058142,Fyodor Dostoyevsky
143058142,David McDuff
61148512,Sylvia Plath
7205236,Frank McCourt
553208845,Hermann Hesse
553208845,Hilda Rosner
679745580,Truman Capote
316042676,Kami Garcia
316042676,Margaret Stohl
1416975861,Cassandra Clare
141301066,Roald Dahl
141301066,Quentin Blake
385534639,Erin Morgenstern
743227441,Philippa Gregory
689865384,Scott Westerfeld
618640150,J.R.R. Tolkien
307592731,Cheryl Strayed
930289234,Alan Moore
930289234,Dave Gibbons
930289234,John Higgins
075640407X,Patrick Rothfuss
316017922,Malcolm Gladwell
142437247,Herman Melville
142437247,Andrew Delbanco
142437247,Tom Quirk
441008534,Charlaine Harris
739461192,John Grogan
312330871,Agatha Christie
385504225,Dan Brown
1416989412,Becca Fitzpatrick
1561797464,Charles Dickens
345476875,Anne Rice
62059939,Kiera Cass
312362080,Janet Evanovich
1400052173,Rebecca Skloot
99446782,Thomas Harris
159514174X,Richelle Mead
316010669,Malcolm Gladwell
038572179X,Ian McEwan
553213695,Franz Kafka
553213695,Stanley Corngold
141382899,Rick Riordan
030788743X,Ernest Cline
1554681723,Garth Stein
425263908,Sylvia Day
66238501,C.S. Lewis
66238501,Pauline Baynes
316043133,Mark Cotta Vaz
1558743669,Dave Pelzer
752864327,Robert Ludlum
786817879,Eoin Colfer
385738935,Lauren Kate
142000655,John Steinbeck
307341569,Gillian Flynn
385339089,John Grisham
312291639,Emma McLaughlin
312291639,Nicola Kraus
451527747,Lewis Carroll
451527747,John Tenniel
451527747,Martin Gardner
192802631,Jane Austen
192802631,James Kinsley
192802631,Deidre Shauna Lynch
312370830,Tatiana de Rosnay
452284694,Stephen King
140003468X,Gabriel Garcia Marquez
140003468X,Edith Grossman
399159347,Liane Moriarty
385494785,Jon Krakauer
1416524304,Stephen King
031242227X,Augusten Burroughs
307346609,Max Brooks
385537859,Dan Brown
440227534,Lois Lowry
446692638,James Patterson
450417395,Stephen King
307341542,Gillian Flynn
312360266,P.C. Cast
312360266,Kristin Cast
743269519,Stephen R. Covey
743477545,William Shakespeare
743477545,Barbara A. Mowat
743477545,Paul Werstine
743477545,Catherine Belsey
618711651,Jonathan Safran Foer
375869026,R.J. Palacio
039480001X,Dr. Seuss
316206849,Robert Galbraith
316206849,J.K. Rowling
545123267,Maggie Stiefvater
452011876,Ayn Rand
452011876,Leonard Peikoff
143038257,Greg Mortenson
143038257,David Oliver Relin
517223627,Jane Carruth
517223627,Lewis Carroll
517223627,Rene Cloke
143034901,Carlos Ruiz Zafon
143034901,Lucia Graves
385738757,James Dashner
767900383,Frances Mayes
590920685,Gail Carson Levine
743297334,Ernest Hemingway
61120073,Betty  Smith
446677388,James Patterson
312577222,Kristin Hannah
1400078776,Kazuo Ishiguro
786890754,Cecelia Ahern
1844080382,Daphne du Maurier
1844080382,Sally Beauman
552995878,Laura Esquivel
552995878,Thomas  Christensen
552995878,Carol Christensen
451205766,Mario Puzo
451205766,Robert Thompson
451205766,Peter Bart
525476881,John Green
553803719,Isaac Asimov
62255657,Neil Gaiman
60513063,Shel Silverstein
751565350,John Tiffany
751565350,Jack Thorne
751565350,J.K. Rowling
61726834,Lauren Oliver
385339704,John Grisham
61139378,Neil Gaiman
60853980,Terry Pratchett
60853980,Neil Gaiman
140042598,Jack Kerouac
1476729085,Graeme Simsion
446579939,Nicholas Sparks
451191153,Ayn Rand
451191153,Leonard Peikoff
425172902,Tom Clancy
038039586X,Richard Adams
307886263,Mindy Kaling
375414495,Abraham Verghese
006112527X,C.S. Lewis
006112527X,Pauline Baynes
753453800,Robert Louis Stevenson
1423140591,Rick Riordan
1451627289,Stephen King
241003008,Eric Carle
140285601,Kurt Vonnegut Jr.
451528557,H.G. Wells
451528557,Greg Bear
451528557,Carlo Pagetti
849946158,Todd Burpo
849946158,Lynn Vincent
385751060,John Boyne
1892295490,Joseph Conrad
1582701709,Rhonda Byrne
60987561,Wally Lamb
1416524347,Stephen King
671021001,Wally Lamb
756404738,Patrick Rothfuss
440241901,Sophie Kinsella
1442403543,Cassandra Clare
743418174,Jennifer Weiner
380018179,Colleen McCullough
60530928,Neil Gaiman
60530928,Dave McKean
1451681739,M.L. Stedman
439709105,Cornelia Funke
439709105,Anthea Bell
91883768,Spencer Johnson
91883768,Kenneth H. Blanchard
307279464,Bill Bryson
553279378,Maya Angelou
61950726,Christina Baker Kline
1442416866,Cassandra Clare
316204277,Maria Semple
375806814,Wilson Rawls
60557818,Neil Gaiman
571224385,Milan Kundera
571224385,Michael Henry Heim
552135399,John Irving
316182540,Janet Fitch
039925675X,Marie Lu
743496728,Jodi Picoult
812511816,Robert Jordan
61150142,Jodi Picoult
60764902,C.S. Lewis
595440096,Lisa Genova
425263916,Sylvia Day
375814248,Roald Dahl
375814248,Quentin Blake
446696617,James Patterson
345453743,Douglas Adams
340896965,David Nicholls
60775858,Margaret Wise Brown
60775858,Clement Hurd
61969559,Pittacus Lore
140275363,Homer
140275363,Robert Fagles
140275363,Frederic Mugler
140275363,Bernard Knox
316228532,J.K. Rowling
385339690,John Grisham
316777730,David Sedaris
375840400,Christopher Paolini
140621679,L. Frank Baum
140621679,W.W. Denslow
000720230X,C.S. Lewis
450031063,Stephen King
679785892,Hunter S. Thompson
679785892,Ralph Steadman
1416975888,Cassandra Clare
62268341,Amy Poehler
743477553,William Shakespeare
1400033411,Toni Morrison
015206396X,Kristin Cashore
439206472,Lemony Snicket
439206472,Brett Helquist
449213943,Erich Maria Remarque
449213943,A.W. Wheen
679805273,Dr. Seuss
159463176X,Khaled Hosseini
141439742,Charles Dickens
141439742,George Cruikshank
141439742,Philip Horne
525423273,Stephanie Perkins
7173040,Dr. Seuss
1401207928,Alan Moore
1401207928,David   Lloyd
743223136,David McCullough
553384287,Dean Koontz
439488400,Jerry Spinelli
1423113381,Rick Riordan
441788386,Robert A. Heinlein
965904830,David Sedaris
141311371,Roald Dahl
141311371,Quentin Blake
076790818X,Bill Bryson
439227143,Jack London
385738773,James Dashner
61142026,Neil Gaiman
618485228,Jhumpa Lahiri
670022411,Deborah Harkness
375704027,Haruki Murakami
375704027,Jay Rubin
446672211,Billie Letts
525421580,John Green
525421580,David Levithan
307276902,James Frey
1595141758,Richelle Mead
307352145,Susan Cain
142437336,Arthur Miller
142437336,Christopher Bigsby
689840926,Gary Paulsen
076531178X,Brandon Sanderson
451528956,Robert Louis Stevenson
451528956,Vladimir Nabokov
451528956,Mervyn Peake
451528956,Dan Chaon
679889108,Dr. Seuss
810993139,Jeff Kinney
1599906953,Sarah J. Maas
1595141979,Richelle Mead
684803356,Ernest Hemingway
345505336,Jamie Ford
140120831,Patrick Süskind
140120831,John E. Woods
60838582,Eric Schlosser
747599874,J.K. Rowling
99910101,Ernest Hemingway
553212281,Edgar Allan Poe
1590302257,Sun Tzu
1590302257,Thomas Cleary
385344228,William Landay
385334206,Kurt Vonnegut Jr.
874774241,Betty Edwards
60838728,Ann Patchett
739467352,Jared Diamond
375508414,Fannie Flagg
385474547,Chinua Achebe
385338694,Sophie Kinsella
1881273156,Gary Chapman
1416589643,Chris Cleave
031253275X,Alyson Noel
590032496,Roald Dahl
590032496,Quentin Blake
743298020,Diane Setterfield
1595142509,Richelle Mead
1595141987,Richelle Mead
446676071,Nicholas Sparks
345521307,Paula McLain
545044251,J.K. Rowling
62059963,Kiera Cass
156001314,Umberto Eco
156001314,William Weaver
156001314,Sean Barrett
1416914633,Beatrice Sparks
1416914633,Anonymous
802130208,John Kennedy Toole
802130208,Walker Percy
158049580X,Oscar Wilde
1423140605,Rick Riordan
60855924,Terry Pratchett
1400079276,Haruki Murakami
1400079276,Philip Gabriel
525945563,Thomas Harris
553803700,Isaac Asimov
451216954,J.R. Ward
1416989439,Becca Fitzpatrick
61726818,Lauren Oliver
679457313,Arundhati Roy
670024783,Sue Monk Kidd
141043768,Liane Moriarty
553380168,Stephen Hawking
553380168,Cao Chi
553380168,Pham Van Thieu
525951652,Ken Follett
1439148503,Stephen King
670061050,Sarah Dessen
525467564,A.A. Milne
525467564,Ernest H. Shepard
62060554,S.J. Watson
1420925539,Arthur Conan Doyle
375826726,Christopher Paolini
310276993,Rick Warren
312360282,P.C. Cast
312360282,Kristin Cast
451457811,Jim Butcher
1593082649,Jane Austen
1593082649,Alfred MacAdam
399162410,Rick Yancey
802142842,Charles Frazier
60245867,Laura Joffe Numeroff
60245867,Felicia Bond
312323867,Emily Giffin
822210894,Tennessee Williams
385353308,Emily St. John Mandel
1476738017,Fredrik Backman
1476738017,Henning Koch
1406321346,Cassandra Clare
1416500189,Pearl S. Buck
140135154,John Berger
385335970,Diana Gabaldon
743495667,Jennifer Weiner
345368584,Chuck Dixon
345368584,J.R.R. Tolkien
345368584,David Wenzel
345368584,Sean Deming
1594489580,Junot Diaz
61120065,Zora Neale Hurston
439321603,Newt Scamander
439321603,J.K. Rowling
439321603,Albus Dumbledore
316322407,Malala Yousafzai
316322407,Christina Lamb
141439807,Jane Austen
141439807,Kathryn Sutherland
141439807,Tony Tanner
141439807,Claire Lamont
080701429X,Viktor E. Frankl
618680004,Richard Dawkins
525422943,Gayle Forman
345915593,John Irving
515141429,Lee Child
375757325,Daniel Defoe
375757325,Gerald McCann
375757325,Virginia Woolf
937832383,Niccolò Machiavelli
937832383,Adolph Caso
937832383,Rufus Goodwin
937832383,Benjamin Martinez
440238153,Philip Pullman
765346524,Terry Goodkind
1439153663,Kathleen Grissom
316769029,J.D. Salinger
385720920,Chuck Palahniuk
374528373,Fyodor Dostoyevsky
374528373,Richard Pevear
374528373,Larissa Volokhonsky
375822747,Jeanne DuPrau
60541814,Michael Crichton
451933028,Stephen King
000100039X,Kahlil Gibran
312379838,P.C. Cast
312379838,Kristin Cast
812550757,Orson Scott Card
1400031702,Donna Tartt
375725784,Dave Eggers
439228905,Anna Sewell
192833987,Leo Tolstoy
192833987,Henry Gifford
192833987,Aylmer Maude
192833987,Louise Maude
679735771,Bret Easton Ellis
613371658,Meg Cabot
1400034779,Alexander McCall Smith
1582406723,Robert Kirkman
1582406723,Tony Moore
451457994,Arthur C. Clarke
1590525132,Francine Rivers
842342702,Tim LaHaye
842342702,Jerry B. Jenkins
62059998,Kiera Cass
545265355,Suzanne Collins
805063897,Barbara Ehrenreich
593053893,Sophie Kinsella
812517725,Robert Jordan
743477154,Patricia Cornwell
385074077,Edgar Allan Poe
553256696,Corrie ten Boom
553256696,John Sherrill
553256696,Elizabeth Sherrill
192835084,Arthur Conan Doyle
553381547,Pat Conroy
312282990,Michael Chabon
802798233,Simone Elkeles
805072454,J.M. Barrie
805072454,Michael Hague
689865392,Scott Westerfeld
965341984,Haruki Murakami
965341984,Jay Rubin
375507256,David Mitchell
767902890,Tim OBrien
1844137872,Banksy
006197806X,Lauren Oliver
307277887,Jeff Lindsay
1841493007,Charlaine Harris
765305119,Robert Jordan
141439491,Jonathan Swift
141439491,Robert DeMaria Jr.
743482751,William Shakespeare
743482751,Barbara A. Mowat
743482751,Paul Werstine
743482751,Gail Kern Paster
743482751,Robert          Jackson
393320979,Unknown
393320979,Seamus Heaney
1401207529,Frank Miller
1401207529,David Mazzucchelli
1401207529,Richmond Lewis
1401207529,Dennis ONeil
62409859,Harper Lee
316143472,David Sedaris
316134023,Laini Taylor
1409151174,Victoria Aveyard
1400069289,Charles Duhigg
679751521,John Berendt
1301949825,Colleen Hoover
142437018,Frances Hodgson Burnett
142437018,Nancy Bond
142406252,Sarah Dessen
1595143068,Richelle Mead
64400026,Laura Ingalls Wilder
64400026,Garth Williams
380002558,Margery Williams Bianco
380002558,William   Nicholson
60589469,Robert M. Pirsig
375759239,H.G. Wells
375759239,Arthur C. Clarke
60887303,Sara Shepard
670241334,Don Freeman
1594200823,Michael Pollan
316176486,Kate Atkinson
446696129,Nicholas Sparks
045057458X,Stephen King
385335997,Diana Gabaldon
393315053,Kenneth Branagh
393315053,William Shakespeare
307348245,Stephen King
747560595,Jeffrey Eugenides
441012183,Charlaine Harris
141439599,Thomas Hardy
141439599,Tim Dolin
141439599,Margaret R. Higonnet
192840398,Gustave Flaubert
192840398,Margaret Mauldon
192840398,Malcolm Bowie
192840398,Mark Overstall
394820371,Norton Juster
394820371,Jules Feiffer
765326353,Brandon Sanderson
1841493015,Charlaine Harris
078685197X,Ned Vizzini
765316889,Brandon Sanderson
034552554X,Vanessa Diffenbaugh
156389341X,Frank Miller
156389341X,Klaus Janson
156389341X,Lynn Varley
446617792,James Patterson
1573225517,Nick Hornby
446696110,Nicholas Sparks
385721676,Margaret Atwood
60574216,John Gray
60899220,Anthony Bourdain
99244721,Michael Crichton
486266893,Voltaire
374480095,Natalie Babbitt
2253147699,Stephen King
2253147699,Marie Milpois
1713221,P.D. Eastman
071483355X,E.H. Gombrich
312642962,Marissa Meyer
751532711,Robert T. Kiyosaki
1442426640,Becca Fitzpatrick
670020559,Lev Grossman
1421501686,Tsugumi Ohba
1421501686,Takeshi Obata
689875347,Libba Bray
60529709,Jonathan Safran Foer
752863886,Robert Ludlum
425266745,Tammara Webber
140439447,Charles Dickens
140439447,Jeremy Tambling
316013684,Sherman Alexie
316013684,Ellen Forney
679760806,Mikhail Bulgakov
679760806,Katherine Tiernan OConnor
679760806,Diana Burgin
679760806,Ellendea Proffer
553383043,Ursula K. Le Guin
763616052,Kate DiCamillo
763616052,Chris Sheban
743253973,John Knowles
385339607,John Grisham
142437239,Miguel de Cervantes Saavedra
142437239,Roberto Gonzalez Echevarria
142437239,John Rutherford
6480098,Robin Hobb
345418921,Douglas Adams
385739141,Lauren Kate
723247706,Beatrix Potter
64405044,C.S. Lewis
64405044,Pauline Baynes
765316897,Brandon Sanderson
679746048,Susanna Kaysen
61173398,Chelsea Handler
743278909,Richard Bach
743278909,Russell Munson
1481426303,Cassandra Clare
920668372,Robert Munsch
920668372,Sheila McGraw
1416524517,Stephen King
067002581X,Daniel James Brown
618391118,J.R.R. Tolkien
618391118,Christopher Tolkien
618391118,Ted Nasmith
451210859,Stephen King
330449605,Kate Morton
99428644,Franz Kafka
99428644,Edwin Muir
99428644,Willa Muir
99428644,Max Brod
142501557,Sarah Dessen
743275012,Jodi Picoult
385523386,Piper Kerman
451528018,Arthur Conan Doyle
451528018,Anne Perry
374275637,Daniel Kahneman
689841582,Judy Blume
446612707,Nicholas Sparks
1476754454,Stephen King
441014941,Charlaine Harris
375706771,Chris Bohjalian
395389496,Chris Van Allsburg
140544518,Jon Scieszka
140544518,Lane Smith
425134350,Tom Clancy
61124265,Paulo Coelho
61124265,Margaret Jull Costa
385349947,Sheryl Sandberg
385349947,Nell Scovell
441013333,Charlaine Harris
62085484,Tahereh Mafi
441783589,Robert A. Heinlein
385342063,Sophie Kinsella
1857993284,Jostein Gaarder
1857993284,Paulette Møller
316134112,Mark Cotta Vaz
553278223,Ray Bradbury
307592839,Jennifer Egan
753454947,Johanna Spyri
753454947,Angelo  Rinaldi
753454947,Beverly Cleary
61015725,Michael Crichton
7202326,C.S. Lewis
525950079,Ken Follett
312360304,P.C. Cast
312360304,Kristin Cast
60874163,Alex Flinn
140424385,Geoffrey Chaucer
140424385,Nevill Coghill
312348649,Emily Giffin
375856110,Christopher Paolini
307593312,Haruki Murakami
307593312,Jay Rubin
307593312,Philip Gabriel
1840224029,Harriet Beecher Stowe
60809248,Gaston Leroux
60809248,Alexander Teixeira de Mattos
374158460,Jonathan Franzen
142421715,Ally Condie
1423100034,Ally Carter
1416562591,Aravind Adiga
1841156736,Jonathan Franzen
1921351438,Barack Obama
60541830,Michael Crichton
689711735,Judith Viorst
689711735,Ray Cruz
618101365,Jhumpa Lahiri
60838655,Howard Zinn
679745653,Truman Capote
345504968,Justin Cronin
60515198,Neil Gaiman
670011940,Sarah Dessen
159420571X,Celeste Ng
553383809,Isabel Allende
553383809,Magda Bogin
451155750,Stephen King
646418432,Agatha Christie
646418432,Ροζίτα Σώκου
425200450,Agatha Christie
307271080,Chimamanda Ngozi Adichie
446611085,James Patterson
451167805,Stephen King
425263924,Sylvia Day
307266303,Christopher McDougall
1616203218,Gabrielle Zevin
590133373,Ludwig Bemelmans
1585424331,Napoleon Hill
60885378,Laura Ingalls Wilder
60885378,Garth Williams
765356155,Susanna Clarke
446696137,Nicholas Sparks
1423146727,Rick Riordan
61448761,Michael  Grant
446615862,Nicholas Sparks
743226720,David McCullough
330419129,Jon Krakauer
61928127,Jess Walter
307237699,Barack Obama
743455967,Stephen King
312364083,Kristin Hannah
345418972,Michael Crichton
312348673,Emily Giffin
316206873,Robert Galbraith
316206873,J.K. Rowling
345476883,Anne Rice
62049801,Ann Patchett
374533571,Matthew Quick
076072850X,Jules Verne
076072850X,Anthony Bonner
743272498,Philippa Gregory
151009988,Virginia Woolf
151009988,Maureen Howard
067102423X,Stephen King
786226749,John Irving
451190750,Richard Bachman
451190750,Stephen King
014044906X,Jules Verne
014044906X,Michael Glencross
014044906X,Brian W. Aldiss
60739495,Sharon Creech
60589280,Paulo Coelho
60589280,Margaret Jull Costa
316767727,J.D. Salinger
031610969X,Julie Powell
1416912045,Neal Shusterman
399256768,Marie Lu
074348276X,William Shakespeare
435233076,Arthur Miller
446579920,Nicholas Sparks
545422906,Kate Egan
452287588,Eckhart Tolle
1591164419,Tite Kubo
1451666179,Allie Brosh
812513738,Robert Jordan
192076920X,Gregory David Roberts
441015891,Charlaine Harris
670032565,Stephen King
670032565,Ned Dameron
451188454,Jeffery Deaver
375408266,Bernhard Schlink
375408266,Carol Brown Janeway
805047905,Bill Martin Jr.
805047905,Eric Carle
553283685,Dan Simmons
142000698,John Steinbeck
61007226,William Peter Blatty
031612558X,Stephenie Meyer
067976402X,David Guterson
440174643,Alex Haley
930289455,Alan Moore
930289455,Brian Bolland
930289455,Tim Sale
679732764,Ralph Ellison
374105235,Ishmael Beah
689862202,Robert C. OBrien
751514624,Stephen King
60529962,Laura Ingalls Wilder
60529962,Garth Williams
143035479,Melissa Bank
380813815,Christopher Moore
1577314808,Eckhart Tolle
399159010,Jenny  Lawson
64471837,Garth Nix
441017150,Charlaine Harris
1439102767,Jodi Picoult
1620610078,Jennifer L. Armentrout
345418905,Douglas Adams
1619630621,Sarah J. Maas
1932664084,Bryan Lee OMalley
1416586288,Jeannette Walls
61020680,Terry Pratchett
373210086,Julie Kagawa
067168390X,Larry McMurtry
393324826,Mary Roach
1595143173,Richelle Mead
765342405,Orson Scott Card
385342020,Sophie Kinsella
340606517,Thomas Keneally
452287065,Toni Morrison
1416563687,Philippa Gregory
345350685,Malcolm X
345350685,Alex Haley
1563892278,Neil Gaiman
1563892278,Sam Kieth
1563892278,Mike Dringenberg
1563892278,Malcolm Jones III
1563892278,Todd Klein
1563892278,Karen  Berger
345465083,Laura Hillenbrand
038073186X,Dennis Lehane
553328255,Arthur Conan Doyle
198320272,William Shakespeare
198320272,Roma Gill
307408841,Erik Larson
140449140,Plato
140449140,Desmond Lee
074347757X,William Shakespeare
312642970,Marissa Meyer
006621131X,Patti Smith
714836257,Phaidon Press
767905180,Jane Green
451527887,Victor Hugo
451527887,Walter J. Cobb
140003065X,Rohinton Mistry
836220889,Bill Watterson
836220889,G.B. Trudeau
689865406,Scott Westerfeld
543898083,Kate Chopin
031237982X,P.C. Cast
031237982X,Kristin Cast
1401303277,Mitch Albom
425144372,Tom Clancy
60513098,Shel Silverstein
61992704,Justin Halpern
2020336464,Irvine Welsh
2020336464,Eric Lindor Fall
553803727,Isaac Asimov
1878424505,Miguel Ruiz
743296435,Jodi Picoult
394709306,Jacob Grimm
394709306,Wilhelm Grimm
394709306,Josef Scharl
394709306,Padraic Colum
394709306,Joseph Campbell
394709306,Margaret Raine Hunt
394709306,James Stern
744583276,E.L. Konigsburg
1476727651,Stephen King
140285679,Nick Hornby
1434768511,Francis Chan
1434768511,Danae Yankoski
1434768511,Chris Tomlin
7173687,Dr. Seuss
553213873,Helen Keller
052595127X,Jonathan Tropper
446563080,Seth Grahame-Smith
1591826039,Natsuki Takaya
1591826039,Alethea Nibley
1591826039,Athena Nibley
743482832,William Shakespeare
1905654944,P.C. Cast
1905654944,Kristin Cast
340829788,Stephen King
340829788,Dave McKean
385351399,Dave Eggers
439813786,Brian Selznick
60776099,Aldous Huxley
60776099,Christopher Hitchens
1591169151,Bisco Hatori
778316556,Mary Kubica
1250049377,Rainbow Rowell
1905654588,P.C. Cast
1905654588,Kristin Cast
375706674,Cormac McCarthy
006441034X,Diana Wynne Jones
2226131906,Stephen King
2226131906,William Olivier Desmond
691096120,Henry David Thoreau
571225381,Kazuo Ishiguro
446547654,Nicholas Sparks
224094157,Julian Barnes
312938993,Sue Grafton
1580495931,Sophocles
1580495931,J.E. Thomas
1400067111,Lisa See
143039091,Kenneth Grahame
143039091,Gillian Avery
037571457X,Marjane Satrapi
037571457X,Mattias Ripa
1420925431,E.M. Forster
316084239,Kody Keplinger
067001088X,Sarah Dessen
399151575,J.D. Robb
385339666,John Grisham
1569319006,Masashi Kishimoto
1569319006,Katy Bridges
812993292,Rachel Joyce
307931889,David Levithan
312861877,Orson Scott Card
743477561,William Shakespeare
743477561,Robert          Jackson
743477561,Barbara A. Mowat
743477561,Paul Werstine
440178002,James Clavell
451219368,J.R. Ward
1619634449,Sarah J. Maas
345803574,E.L. James
068983568X,Bill Martin Jr.
068983568X,John Archambault
068983568X,Lois Ehlert
545132053,Raina Telgemeier
151010269,George Orwell
151010269,Christopher Hitchens
140286276,Jacquelyn Mitchard
345457374,Amy Tan
60288140,Louise Rennison
374214913,Robin Sloan
743496310,V.C. Andrews
590452037,Jerry Spinelli
743482778,William Shakespeare
385732562,Lois Lowry
014240120X,Ellen Raskin
345539788,Pierce Brown
316033677,Brent Weeks
812474945,Barbara Kingsolver
1476712980,Jamie McGuire
765326361,Brandon Sanderson
076360013X,Sam McBratney
076360013X,Anita Jeram
440221668,Diana Gabaldon
450042685,Stephen King
450042685,John D. MacDonald
1400064562,Peter Benchley
393328627,Nicole Krauss
142402494,Astrid Lindgren
142402494,Lauren Child
142402494,Florence Lamborn
142402494,Nancy Seligsohn
1933372605,Muriel Barbery
1933372605,Alison Anderson
743270754,Doris Kearns Goodwin
743270754,Suzanne Toren
441018645,Charlaine Harris
679720219,Albert Camus
679720219,Stuart Gilbert
439206480,Lemony Snicket
439206480,Brett Helquist
145162137X,Susannah Cahalan
61214655,Melissa Marr
039515023X,H.A. Rey
525457585,Michael Ende
525457585,Ralph Manheim
525457585,Roswitha Quadflieg
571212921,Sylvia Nasar
1884365302,Upton Sinclair
1884365302,Earl Lee
1884365302,Kathleen DeGrave
61662690,Kelley Armstrong
684853949,Oliver Sacks
006074815X,Ken Follett
1860498809,Margaret Atwood
1594747350,Ransom Riggs
356500152,M.R. Carey
067973225X,William Faulkner
747532036,Crockett Johnson
553803735,Isaac Asimov
451458125,Jim Butcher
316204366,Malcolm Gladwell
1591169208,Hiromu Arakawa
1591169208,Akira Watanabe
61020648,Terry Pratchett
1400078431,Joan Didion
006112429X,Lionel Shriver
1857231589,Arthur C. Clarke
345419626,Anne Rice
159308143X,Edith Wharton
159308143X,Maureen Howard
199291152,Richard Dawkins
142001430,Geraldine Brooks
446612731,Michael Connelly
452281253,Ayn Rand
1936305623,Sylvain Reynard
689707495,Judi Barrett
689707495,Ron Barrett
1400068932,Helen Simonson
425227510,Nora Roberts
074349671X,Jodi Picoult
1423140567,Rick Riordan
831727527,Stephen King
140255559,Janet Evanovich
684818701,Irma S. Rombauer
684818701,Marion Rombauer Becker
684818701,Ethan Becker
60510862,Joe Haldeman
8497597729,Stephen King
8497597729,Bettina Blanch Tyroller
812971060,Azar Nafisi
575079797,Joe Abercrombie
786851473,Eoin Colfer
743225422,Annie Proulx
1607747308,Marie Kondō
1607747308,Cathy Hirano
385755880,Jennifer Niven
385755880,فرانک معنوی
671011367,Kathy Reichs
552562521,Michael Scott
374203059,Jeffrey Eugenides
61120251,Isabel Allende
61120251,Margaret Sayers Peden
689865198,Ellen Hopkins
545424925,Maggie Stiefvater
031286504X,Richard Matheson
140006208X,Elizabeth Strout
66620996,James C. Collins
803734611,Kristin Cashore
439236193,Jack London
141651693X,Stephen King
141651693X,Bernie Wrightson
440238609,Philip Pullman
1480095532,J.A. Redmerski
006222543X,Kimberly McCreight
312305060,Michael Cunningham
1623420024,Alice Clayton
316191299,David Sedaris
451188462,Stephen King
385739168,Lauren Kate
385742886,James Dashner
144477851X,Susan Ee
375726403,Richard Russo
1857232097,Robert Jordan
803734964,Jandy Nelson
385338708,Sophie Kinsella
1416524525,Stephen King
316070521,Catherine Hardwicke
440241812,Sophie Kinsella
545123283,Maggie Stiefvater
553609416,L.M. Montgomery
142437344,James Joyce
142437344,Seamus Deane
765302306,Robert Jordan
765302306,Brandon Sanderson
451529170,George Eliot
451529170,Michel Faber
385339100,John Grisham
345538374,J.R.R. Tolkien
146109111X,S.C. Stephens
446350982,Scott Turow
045052468X,Stephen King
316001929,Stacy Schiff
374292795,Thomas L. Friedman
385743564,Brandon Sanderson
1558580093,Marcus Pfister
1558580093,J. Alison James
553213970,Jules Verne
61583251,Gretchen Rubin
679740678,Philip K. Dick
393322238,Vincent Bugliosi
393322238,Curt Gentry
812970063,Dante Alighieri
812970063,Anthony M. Esolen
670023485,Deborah Harkness
345544927,Jodi Picoult
441013813,Patricia Briggs
786838922,Melissa de la Cruz
812993543,Ta-Nehisi Coates
140424393,John Milton
140424393,John      Leonard
393072231,Michael   Lewis
1416524290,Stephen King
765325942,Robert Jordan
765325942,Brandon Sanderson
553266306,Frederick Forsyth
307463745,Jason Fried
307463745,David Heinemeier Hansson
525951989,Rainbow Rowell
739352350,Stephenie Meyer
739352350,Ilyana Kadushin
739352350,Matt Walters
679644199,Carol Rifka Brunt
312966091,Janet Evanovich
1576469239,Emmuska Orczy
037582913X,Jon Stone
037582913X,Michael J. Smollin
425193799,Judy Blume
805094598,Leigh Bardugo
399256776,Marie Lu
2266079999,Carl Sagan
525423281,Stephanie Perkins
375703861,Zadie Smith
62107062,Chris Kyle
62107062,Scott McEwen
62107062,Jim DeFelice
1582346186,Chelsea Handler
61974552,Pittacus Lore
1594488398,Meg Wolitzer
836218051,Bill Watterson
067001821X,Geraldine Brooks
1439152802,Kate Morton
330491237,Douglas Adams
140282580,Hermann Hesse
140282580,Basil Creighton
055381706X,Tess Gerritsen
6480101,Robin Hobb
345347951,Arthur C. Clarke
763625299,Kate DiCamillo
763625299,Timothy Basil Ering
60852550,Barbara Kingsolver
60852550,Steven L. Hopp
60852550,Camille Kingsolver
60852550,Richard A. Houser
1619630656,Sarah J. Maas
812513754,Robert Jordan
785263705,Donald Miller
385340397,Diana Gabaldon
1484724917,Rick Riordan
1250069793,Liane Moriarty
1607066017,Brian K. Vaughan
1607066017,Fiona Staples
316126691,Chad Harbach
99285045,Ernest Hemingway
1590385810,Brandon Mull
64407683,Lemony Snicket
64407683,Brett Helquist
451458443,Jim Butcher
743264738,Walter Isaacson
1476717486,S.C. Stephens
385339097,John Grisham
014034893X,Mildred D. Taylor
1594743347,Seth Grahame-Smith
1594743347,Jane Austen
316154695,David Sedaris
679642420,Fyodor Dostoyevsky
679642420,Constance Garnett
679642420,Alan Myers
679642420,Joseph Frank
679642420,Anna Brailovsky
671746723,Douglas Adams
810994739,Jeff Kinney
804138141,Mindy Kaling
62285688,Veronica Roth
1594206279,Aziz Ansari
1594206279,Eric Klinenberg
61992259,Katherine Applegate
61992259,Patricia Castelao
393050327,Sebastian Junger
765350378,Brandon Sanderson
312199430,Jim Fergus
743296419,Jodi Picoult
1416521496,Stephen King
1416521496,Darrel Anderson
525423664,Ally Condie
99578514,Salman Rushdie
1400049628,Max Brooks
440234743,John Grisham
1579126251,Agatha Christie
1416924981,Margaret Peterson Haddix
1594201455,Michael Pollan
440995779,Elizabeth George Speare
440241898,Sophie Kinsella
141439610,Wilkie Collins
141439610,Matthew Sweet
1416968237,Jenny Han
312966970,Janet Evanovich
1573225789,James McBride
60889578,Steven D. Levitt
60889578,Stephen J. Dubner
385339151,Karen Marie Moning
312857063,Terry Goodkind
312554168,Emily Giffin
141439831,William Makepeace Thackeray
141439831,John Carey
1857988841,Kurt Vonnegut Jr.
2266047426,Stephen King
2266047426,Dominique Dill
62414216,Cynthia DAprix Sweeney
1563899426,Bill Willingham
1563899426,Lan Medina
1563899426,Steve Leialoha
1563899426,Craig Hamilton
1563899426,James Jean
142000280,David    Allen
446671002,James Redfield
803736991,Huntley Fitzpatrick
525952926,Ken Follett
033041836X,Alice Sebold
140679239X,Virginia Woolf
8129104598,Chetan Bhagat
425197549,Laurell K. Hamilton
375836675,Markus Zusak
141439653,Thomas Hardy
141439653,Rosemarie Morgan
141439653,Shannon Russell
60855908,Terry Pratchett
038560310X,Mark Z. Danielewski
312650248,P.C. Cast
312650248,Kristin Cast
1583485090,Willa Cather
152061548,Susan Beth Pfeffer
713998946,Jon Stewart
713998946,Ben Karlin
713998946,David Javerbaum
713998946,Rich Bloomquist
713998946,Steve Bodow
713998946,Tim Carvell
713998946,Eric Drysdale
713998946,J.R. Havlan
713998946,Scott Jacobson
713998946,Tom Johnson
713998946,Rob Kutner
713998946,Chris Regan
713998946,Jason Reich
713998946,Jason Ross
713998946,Stephen Colbert
713998946,Samantha Bee
713998946,Rob Corddry
713998946,Brendan Hay
713998946,Ed Helms
800759494,Don Piper
800759494,Cecil Murphey
1455520659,Nicholas Sparks
679776192,Lao Tzu
679776192,Gia-Fu Feng
679776192,Jane English
679776192,Chungliang Al Huang
679776192,Rowena Pattee Kryder
679776192,Toinette Lippe
312995059,Jeffrey Archer
743496744,Jodi Picoult
312423799,Augusten Burroughs
446613347,James Patterson
1101946342,E.L. James
1416528636,Jennifer Weiner
517092913,Hans Christian Andersen
517092913,Lily Owens
517092913,Arthur Rackham
517092913,Hans Richter
316075809,Mark Cotta Vaz
767905202,Jane Green
553213172,L.M. Montgomery
140047484,Friedrich Nietzsche
140047484,Walter Kaufmann
140620192,Elizabeth Gaskell
140620192,Alan Shelston
1451629184,Jaycee Dugard
752224417,Michael Crichton
62014536,Lauren Oliver
812550285,Robert Jordan
192840509,Aesop
192840509,Laura Harris
192840509,Laura Gibbs
679728759,Cormac McCarthy
1442426675,Becca Fitzpatrick
751504386,Stephen King
99437961,Chuck Palahniuk
8129115301,Chetan Bhagat
1421508222,Matsuri Hino
1421508222,Tomo Kimura
451458923,Jim Butcher
345484266,Anne McCaffrey
345484266,Teodor Panasiński
014100018X,Joanne Harris
553116606,Jay Anson
771068719,Michael Ondaatje
1936305550,Sylvain Reynard
192839993,James Joyce
192839993,Jeri Johnson
1400063736,Colum McCann
141321318,Eoin Colfer
440236703,Harlan Coben
1423121309,Rachel Hawkins
761169253,Austin Kleon
60512806,Neal Stephenson
1476730105,Christina Lauren
60959037,Barbara Kingsolver
452282829,Joyce Carol Oates
006097625X,Scott McCloud
316077054,Kami Garcia
316077054,Margaret Stohl
1594485755,Jon Ronson
743454553,Jodi Picoult
330419641,David Baldacci
312976275,Janet Evanovich
1401322786,Mitch Albom
60590270,Christopher Moore
393324818,Michael   Lewis
078681859X,Jonathan Stroud
446580503,Stephen Colbert
446580503,Richard Dahm
446580503,Paul Dinello
446580503,Allison Silverman
446580503,Michael Brumm
446580503,Eric Drydale
446580503,Rob Dubbin
446580503,Glenn Eichler
446580503,Peter Grosz
446580503,Peter Gwinn
446580503,Jay Katsir
446580503,Laura Krafft
446580503,Frank Lesser
446580503,Tom Purcell
688014291,Kenneth H. Blanchard
688014291,Spencer Johnson
553258478,Leon Uris
068484477X,Ursula Hegi
394758285,Raymond Chandler
014200068X,John Steinbeck
446585025,Ellen DeGeneres
439272637,Lemony Snicket
439272637,Brett Helquist
810970686,Jeff Kinney
679433139,Dante Alighieri
679433139,Allen Mandelbaum
679433139,Eugenio Montale
1405204265,Benjamin Hoff
1405204265,Ernest H. Shepard
1620610116,Jennifer L. Armentrout
62085530,Tahereh Mafi
812968972,Sarah Dunant
385354282,David Lagercrantz
385354282,Stieg Larsson
385354282,George Goulding
081299860X,Emma Cline
1582349908,Shannon Hale
60584750,Dennis Lehane
99549344,Isaac Marion
451528352,Mark Twain
451528352,Everett H. Emerson
340837942,Robert A. Heinlein
670021458,Elif Shafak
670021458,إليف شافاق
670021458,ارسلان فصیحی
670021458,محمد درويش
330371231,Janet Evanovich
1781162646,Stephen King
1612620248,Hajime Isayama
1612620248,Sheldon Drzka
068480154X,F. Scott Fitzgerald
811214044,Tennessee Williams
1609450787,Elena Ferrante
1609450787,Ann Goldstein
307353133,Timothy Ferriss
62515675,Robin S. Sharma
670022691,Amor Towles
575077026,Larry Niven
399254129,Ruta Sepetys
689818769,Andrew Clements
689818769,Brian Selznick
810983915,Jeff Kinney
62065246,Louise Erdrich
006223742X,Veronica Roth
385539258,Hanya Yanagihara
1563899809,Brian K. Vaughan
1563899809,Pia Guerra
1563899809,Jose Marzan Jr.
765330423,Brandon Sanderson
345452003,Anne Tyler
345452003,Jennifer Bassett
1442408928,Benjamin Alire Saenz
451528522,H.G. Wells
61122092,Paulo Coelho
61122092,Alan R. Clarke
1402726023,Johann David Wyss
1402726023,Scott McKowen
1402726023,Arthur Pober
450542882,Stephen King
1937044963,Jennifer Probst
553213148,L.M. Montgomery
448405202,Watty Piper
448405202,Doris Hauman
448405202,George Hauman
399162097,Karen Joy Fowler
765304740,Orson Scott Card
679722769,James Joyce
142401773,Sarah Dessen
312304358,Alan Brennert
99471426,Anne Rice
1581345283,Frank E. Peretti
1594634475,Lauren Groff
440243750,Judy Blume
64400565,E.B. White
64400565,Garth Williams
380508567,Isaac Asimov
64408639,Lemony Snicket
64408639,Brett Helquist
312980140,Janet Evanovich
61662763,Kelley Armstrong
451459407,Jim Butcher
152802177,Janell Cannon
575077883,Joe Abercrombie
345494997,Nancy Horan
312983867,Janet Evanovich
312983867,Lorelei King
60566221,Lemony Snicket
60566221,Brett Helquist
446359408,Flora Rheta Schreiber
375508325,Carl Sagan
1400032822,Chuck Palahniuk
051722285X,Rosamunde Pilcher
1932416641,Dave Eggers
140003471X,Gabriel Garcia Marquez
140003471X,Gregory Rabassa
582416396,Ronald Holt
582416396,Arthur Conan Doyle
805093079,Bill OReilly
805093079,Martin Dugard
307265749,Jhumpa Lahiri
142406635,John Flanagan
067001110X,Laurie Halse Anderson
385339674,John Grisham
553565699,Robin Hobb
451194004,Ira Levin
375507779,Stephen King
375507779,Peter Straub
812550293,Robert Jordan
140042520,Jack Kerouac
1841497126,Kelley Armstrong
1400067553,Katherine Boo
152058109,P.L. Travers
152058109,Mary Shepard
679734775,Sandra Cisneros
670018708,David Benioff
61245089,Jeaniene Frost
141318309,Roald Dahl
141318309,Quentin Blake
60278250,Garth Nix
446612545,James Patterson
446612545,Peter de Jonge
751504572,Stephen King
441104029,Frank Herbert
1841499889,James S.A. Corey
1619636042,Sarah J. Maas
679729771,Art Spiegelman
140501827,Ezra Jack Keats
747267634,Janet Evanovich
312554192,Emily Giffin
385495226,Richard   Preston
99448475,Haruki Murakami
99448475,Philip Gabriel
670024856,Elizabeth Gilbert
1592402038,Lynne Truss
60572965,Kim Harrison
399231900,Clement C. Moore
399231900,Jan Brett
752898477,Diana Gabaldon
61996165,Cynthia Hand
310226058,Lee Strobel
812577566,Robert Jordan
440421705,Carl Hiaasen
679729526,Virgil
679729526,Robert Fitzgerald
1594487367,Junot Diaz
307265838,Haruki Murakami
307265838,Jay Rubin
1416995552,Jenny Han
373210493,Katie McGarry
439321611,Kennilworthy Whisp
439321611,J.K. Rowling
395401461,Harry Allard
395401461,James  Marshall
451196716,Richard Bachman
451196716,Stephen King
60566213,Lemony Snicket
60566213,Brett Helquist
385732538,Lois Lowry
451412354,J.R. Ward
385516487,Stephen King
385516487,Jerry N. Uelsmann
446579807,Christopher Hitchens
1301627445,Abbi Glines
61015733,Michael Crichton
316122386,Jennifer E. Smith
786836547,Jonathan Stroud
184243022X,Tom Robbins
156031663,Jenna Blum
385340540,John Grisham
1595143971,Beth Revis
671250671,M. Scott Peck
451459873,Jim Butcher
807508527,Gertrude Chandler Warner
807508527,L. Kate Deal
143123238,A.S.A. Harrison
91940737,Caitlin Moran
297854399,Keith Richards
676979343,Jhumpa Lahiri
316601950,Anita Shreve
140283307,Don DeLillo
743464117,Stephen E. Ambrose
785819118,Charles Darwin
1891830430,Craig Thompson
61374229,David Wroblewski
345439104,Christina Schwarz
679744398,Cormac McCarthy
1593082045,Arthur Conan Doyle
1593082045,Kyle Freeman
1569319014,Eiichirō Oda
1569319014,Andy Nakatani
451450523,Peter S. Beagle
60577312,Angie Sage
689848919,Laurie Halse Anderson
307408868,Erik Larson
812504690,Rudyard Kipling
1439177724,Terry Hayes
872863107,Allen Ginsberg
872863107,William Carlos Williams
073380084X,Richard Carlson
345418778,Douglas Adams
074325807X,Walter Isaacson
385343833,Tea Obreht
778324338,Maria V. Snyder
451222350,J.R. Ward
60502932,Terry Pratchett
967686563,Anonymous
967686563,Joseph Smith Jr.
451223292,Stephen King
045146091X,Jim Butcher
345539826,Pierce Brown
055215430X,Terry Pratchett
61020702,Terry Pratchett
316078573,Malcolm Gladwell
62430874,Karin Slaughter
575077905,Joe Abercrombie
1476770387,Stephen King
679800034,Dr. Seuss
393330478,Michael   Lewis
60590165,Garth Nix
316155594,James Patterson
316080845,Yana Toboso
316080845,Tomo Kimura
312642989,Marissa Meyer
141439734,Robert Louis Stevenson
141439734,Robert Mighall
545457823,Emily Seife
345503805,Peter V. Brett
486426750,John Bunyan
440241022,Lee Child
1423140575,Rick Riordan
1416552510,Stephen King
330448447,Kate Morton
081257558X,Robert Jordan
451461037,Jim Butcher
451529553,Fyodor Dostoyevsky
451529553,Andrew R. MacAndrew
451529553,Ben Marcus
618084746,Carson McCullers
441627404,T.H. White
552152978,Terry Pratchett
385323069,Christopher Paul Curtis
618477942,Alison Bechdel
006135323X,Dan Ariely
7148984,Lynne Reid Banks
765325950,Robert Jordan
765325950,Brandon Sanderson
1419701762,Jesse Andrews
810984911,Jeff Kinney
312990227,Janet Evanovich
60839783,Simon Winchester
446696633,James Patterson
446696633,Andrew Gross
141014083,Art Spiegelman
142001805,Jasper Fforde
345373944,Faye Perozich
345373944,Anne Rice
345373944,John Bolton
345373944,Daerick Gröss
747571775,Louis Sachar
747571775,Adam McCauley
1573221112,Dalai Lama XIV
1573221112,Howard C. Cutler
1400065674,David Mitchell
385333137,Anna Quindlen
62003933,L.J. Smith
62003933,Kevin Williamson
62003933,Julie Plec
385339682,John Grisham
1400032814,Chuck Palahniuk
312985347,Janet Evanovich
439554004,Cornelia Funke
439554004,Anthea Bell
743236017,Chuck Klosterman
316926345,Evelyn Waugh
451461401,Jim Butcher
62306812,Jessie Burton
786915749,Margaret Weis
786915749,Tracy Hickman
786849568,Eoin Colfer
1416951172,Scott Westerfeld
399244557,John Flanagan
670025593,Deborah Harkness
1585421464,Julia Cameron
067084487X,Jon Scieszka
067084487X,Lane Smith
61147958,Joe Hill
679456724,Robert K. Massie
385528779,Margaret Atwood
312364121,Kristin Hannah
385339658,John Grisham
316067598,Marcus Luttrell
316067598,Patrick Robinson
1579126278,Agatha Christie
006083756X,Richard Wright
316033650,Brent Weeks
1907411054,Veronica Rossi
044669651X,Nicholas Sparks
307887898,Eric Ries
1595143181,Richelle Mead
743290119,Lauren Weisberger
345335457,David Eddings
785136207,Roberto Aguirre-Sacasa
785136207,Stephen King
785136207,Mike Perkins
785136207,Laura       Martin
671728687,William L. Shirer
1594481938,Nick Hornby
439706408,Jeff Smith
439706408,Steve Hamaker
340640146,Stephen King
515142247,Lee Child
316123528,Kami Garcia
316123528,Margaret Stohl
316123528,Paz Pruneda
60878061,Jodi Picoult
61147931,Joe Hill
1419702238,Jeff Kinney
316033669,Brent Weeks
1416543007,Lauren Weisberger
1862301387,Brian Jacques
140447571,Karl Marx
140447571,Friedrich Engels
140447571,Gareth Stedman Jones
1501132938,Ruth Ware
553213296,James Fenimore Cooper
679736379,William Styron
044024191X,Sophie Kinsella
373210132,Julie Kagawa
1576737330,Bruce H. Wilkinson
812983602,Karen Thompson Walker
786868724,Mitch Albom
1400043468,Julia Child
1400043468,Alex PrudHomme
1922182109,Graeme Simsion
006117758X,Charles Bukowski
375825444,Wendelin Van Draanen
974320625,Travis Bradberry
974320625,Jean Greaves
974320625,Patrick Lencioni
670035386,Robert McCloskey
765354942,Douglas Preston
765354942,Lincoln Child
380727501,Bill Bryson
451461894,Jim Butcher
1607060760,Robert Kirkman
1599900734,Shannon Hale
553496646,Nicola Yoon
553496646,David Yoon
486282228,George Bernard Shaw
62124269,Barbara Kingsolver
1590388984,Brandon Mull
140298479,Helen Fielding
067976397X,Louis de Bernieres
446698466,Nicholas Sparks
767903862,Bill Bryson
192123092,Arthur Conan Doyle
812992792,Adam Johnson
345300785,David Eddings
375714839,Marjane Satrapi
375714839,Mattias Ripa
375714839,Blake Ferris
375714839,Anjali Singh
449213447,Chaim Potok
451171357,Irving Stone
451171357,שמואל שניצר
786891084,Cecelia Ahern
765326264,W. Bruce Cameron
1595148035,Sabaa Tahir
451222725,J.R. Ward
62110837,Helene Wecker
64410137,Lemony Snicket
64410137,Brett Helquist
143037617,Charles Dickens
143037617,Nicola Bradbury
143037617,Hablot Knight Browne
64431436,Esphyr Slobodkina
044101268X,Jim Butcher
689878559,Tamora Pierce
224085611,Audrey Niffenegger
451225856,J.R. Ward
553288202,Dan Simmons
446698873,James Ellroy
688120490,Lewis Carroll
688120490,John Tenniel
688120490,Peter Glassman
743246985,Jung Chang
394800206,P.D. Eastman
60885408,Laura Ingalls Wilder
60885408,Garth Williams
1501100130,Stephen King
61558230,Guillermo del Toro
61558230,Chuck Hogan
316184136,Emily Dickinson
316184136,Thomas H. Johnson
60935472,Fred Gipson
1416553649,Steve Martin
60899190,Frank Warren
7119550,George R.R. Martin
152047379,Mary Norton
152047379,Beth Krush
152047379,Joe Krush
340818670,Stephen King
037571894X,Haruki Murakami
037571894X,Alfred Birnbaum
743246071,Philippa Gregory
316133973,Laini Taylor
1842430351,Tom Robbins
399244573,John Flanagan
1423157370,Alexandra Bracken
60832819,Paulo Coelho
60832819,Margaret Jull Costa
1416560610,Norman Vincent Peale
1844082938,Edith Wharton
1844082938,Nina Bawden
345501330,Hiro Mashima
345501330,William Flanagan
756410436,Patrick Rothfuss
756410436,Nate  Taylor
451229851,J.R. Ward
141001828,Nathaniel Philbrick
743289684,Ayaan Hirsi Ali
1400063515,Nassim Nicholas Taleb
345504984,Justin Cronin
374529523,Aleksandr Solzhenitsyn
374529523,H.T. Willetts
553380966,Neal Stephenson
60892994,Walter M. Miller Jr.
1580493882,Sophocles
1580493882,J.E. Thomas
1439138311,Colm Toibin
1442409053,Lauren DeStefano
62300547,J.D. Vance
312864590,Robert Jordan
1580495869,Stephen Crane
544272994,Randall Munroe
765348780,Steven Erikson
440401585,Madeleine LEngle
043977134X,Suzanne Collins
1439102724,Jodi Picoult
345419634,Anne Rice
446615625,David Baldacci
316155608,James Patterson
812551478,Terry Goodkind
743272501,Philippa Gregory
385683421,Anne Tyler
385542364,Colson Whitehead
786838930,Melissa de la Cruz
373210183,Julie Kagawa
988393506,Cora Carmack
385535144,John Grisham
143036378,J.M. Coetzee
525444440,A.A. Milne
525444440,Ernest H. Shepard
316075558,Brent Weeks
143036696,Sue Monk Kidd
64410129,Lemony Snicket
64410129,Brett Helquist
1423116399,Ally Carter
1250121000,B.A. Paris
345348109,Michael Shaara
425201392,Laurell K. Hamilton
786818611,Jonathan Stroud
553214322,H.G. Wells
1620610094,Jennifer L. Armentrout
1934781630,Dave Eggers
141697170X,Sharon M. Draper
1453688935,Amanda Hocking
679774386,Boris Pasternak
679774386,Max Hayward
679774386,Manya Harari
679774386,John Bayley
1476791457,Colleen Hoover
99303744,Michael Crichton
142437808,Edith Wharton
385720106,Jane Hamilton
385720106,Frank  Muller
385720106,C.J. Critt
141693586X,O. Henry
141693586X,Lisbeth Zwerger
553380648,Tom Wolfe
802140181,William S. Burroughs
802140181,James Grauerholz
802140181,Barry  Miles
156389226X,Neil Gaiman
156389226X,Kelley Jones
156389226X,Charles Vess
156389226X,Colleen Doran
156389226X,Malcolm Jones III
156389226X,Steve Erickson
385337930,John Grisham
441007317,Ursula K. Le Guin
441007317,Lech Jęczmyk
142412147,John Green
142412147,Maureen Johnson
142412147,Lauren Myracle
1439192561,Stephen King
805095152,Atul Gawande
553582917,Dean Koontz
1406914835,Henrik Ibsen
1406914835,Michael   Meyer
375760377,James A. Michener
413757102,Richard Yates
375835318,Rachel Cohn
375835318,David Levithan
545259088,Maggie Stiefvater
1573226521,Alex Garland
143145541,Beth Hoffman
143145541,Jenna Lamia
575096578,Charlaine Harris
1416524355,Stephen King
192750968,Beverly Cleary
141650964X,Ursula K. Le Guin
99556316,Michael Crichton
553564943,Raymond E. Feist
312987854,Jennifer Crusie
316548189,Nelson Mandela
034541005X,Bryce Courtenay
752865331,Dashiell Hammett
312364423,Kristin Hannah
515128635,Lee Child
055380491X,Daniel Goleman
045146317X,Jim Butcher
670674249,Munro Leaf
670674249,Robert Lawson
1416903569,Ellen Hopkins
140436588,Walter Scott
312936222,Janet Evanovich
446690457,Michael Connelly
61985848,Kiersten White
316087378,Mark Cotta Vaz
61257095,Adriana Trigiani
1590387422,Brandon Mull
1455806854,Nora Roberts
1455806854,MacLeod Andrews
307269191,Haruki Murakami
307269191,Philip Gabriel
1416995587,Jenny Han
307268195,Andre Agassi
307268195,J.R. Moehringer
014240165X,Anthony Horowitz
1590860624,Lee Child
1590860624,Dick Hill
842377506,Francine Rivers
842377506,Richard Ferrone
031613290X,Stephenie Meyer
057507681X,Philip K. Dick
1594488843,Daniel H. Pink
1416534733,Mark Twain
1563894696,Jeph Loeb
1563894696,Tim Sale
1563894696,Gregory Wright
1563894696,Richard Starkings
811201880,Jean-Paul Sartre
811201880,Lloyd Alexander
811201880,Hayden Carruth
785268839,John Eldredge
1606410423,Brandon Mull
312349486,Janet Evanovich
689845367,Ursula K. Le Guin
451462564,Jim Butcher
140439072,Arthur Conan Doyle
140439072,Peter Ackroyd
140439072,Ed Glinert
096319254X,Anne Rice
385733585,Michael Scott
689832133,Doreen Cronin
689832133,Betsy Lewin
441015662,Patricia Briggs
765328658,Kendare Blake
1423321677,Terry Goodkind
1423321677,Dick Hill
380714752,Avi
1565125967,Robert Goolrick
380729407,Ray Bradbury
140003342X,Toni Morrison
394298667,Tom Clancy
802139256,Leif Enger
385517874,Chuck Palahniuk
812565959,Orson Scott Card
307021343,Janette Sebring Lowrey
307021343,Gustaf Tenggren
440235596,Maeve Binchy
1587263890,Jack London
1423100050,Ally Carter
441014739,Patricia Briggs
451464400,Jim Butcher
399154094,Kate Jacobs
312330863,James Herriot
316921173,David Foster Wallace
812967127,John Wyndham
62041266,Patrick deWitt
62041266,Marcelo Barbão
61922315,Shilpi Somaya Gowda
375822070,Roald Dahl
375822070,Quentin Blake
9504915248,Paulo Coelho
9504915248,Montserrat Mira
141183535,Virginia Woolf
1903436575,William Shakespeare
1903436575,Katherine Duncan-Jones
670012947,Sarah Dessen
1627792120,Leigh Bardugo
60541431,Maureen Johnson
849900417,Ron Hall
849900417,Denver Moore
849900417,Lynn Vincent
1250049555,Rainbow Rowell
812973011,Tracy Kidder
7423292,Mark  Lawrence
385265700,Jane Hamilton
385333870,Kurt Vonnegut Jr.
60872985,Michael Crichton
689852231,Nancy Farmer
1416523715,Walt Whitman
749935332,Nora Roberts
014303961X,D.H. Lawrence
014303961X,Doris Lessing
014303961X,Chester Brown
043402080X,Lev Grossman
451205367,George S. Clason
743418719,Jodi Picoult
345403959,David Eddings
345403959,Leigh Eddings
575070706,Frank Herbert
1400067693,Elizabeth Strout
1400067693,Goran Skrobonja
553805487,Sarah Addison Allen
045146379X,Jim Butcher
1580495761,Frederick Douglass
141694740X,Greg Behrendt
141694740X,Liz Tuccillo
345468643,David Eddings
312349491,Janet Evanovich
451529758,Rudyard Kipling
451529758,Alev Lytle Croutier
451219945,Rachel Caine
785264698,John Eldredge
785264698,Stasi Eldredge
785121447,Peter David
785121447,Robin Furth
785121447,Jae Lee
785121447,Richard Isanove
785121447,Stephen King
670026638,Ruth Ozeki
806527285,Tucker Max
99448572,Haruki Murakami
99448572,Philip Gabriel
385334141,Kurt Vonnegut Jr.
006124189X,Robert B. Cialdini
451526759,Edgar Allan Poe
451526759,Stephen Marlowe
440416795,Louise Fitzhugh
1594633118,Sarah Waters
553588265,Dean Koontz
767919386,Bill Bryson
60555955,Marian Keyes
312948557,Louise Penny
99489988,Marian Keyes
143038109,Amy Tan
1847241697,John Ajvide Lindqvist
61974587,Pittacus Lore
1593080646,Edgar Allan Poe
1593080646,Benjamin F. Fisher
385731051,Ann Brashares
425181103,Dean Koontz
1416990658,Morgan Matson
1586608290,Oswald Chambers
60012382,Terry Pratchett
385344430,Diana Gabaldon
039925482X,Andrea Cremer
190444248X,Cornelia Funke
671742515,Douglas Adams
804179034,Naomi Novik
804137250,Ernest Cline
345503813,Peter V. Brett
7151667,Agatha Christie
385339593,John Grisham
078670621X,Alfred Lansing
60525118,Meg Cabot
1101904224,Blake Crouch
62310666,Victoria Aveyard
385737424,Rebecca Stead
553381342,Tom Wolfe
553119222,Agatha Christie
689862229,Phyllis Reynolds Naylor
805094601,Leigh Bardugo
1416971734,Scott Westerfeld
671035975,Dale Carnegie
515114693,Nora Roberts
60921145,Barbara Kingsolver
1416997857,Cassandra Clare
6479677,Sidney Sheldon
3822858641,M.C. Escher
3822858641,Bruce Brooks Pfeiffer
345416260,Donna Woolfolk Cross
679776818,Sebastian Faulks
081257639X,Terry Goodkind
1606412388,Brandon Mull
159420229X,Joshua Foer
446613363,James Patterson
446613363,Maxine Paetro
1423108361,Eoin Colfer
059044297X,Norman Bridwell
803734735,Kristin Cashore
803734956,Jandy Nelson
61020664,Terry Pratchett
1301347949,Katy Evans
62200577,Joe Hill
140434747,Anne Bronte
140434747,Stevie Davies
965476022,Walter Farley
965476022,Keith Ward
64410145,Lemony Snicket
64410145,Brett Helquist
8424133498,Tomie dePaola
983212546,R.L. Mathewson
961454733,David Bayles
961454733,Ted Orland
60085894,Hayden Herrera
452286034,Kelley Armstrong
312624670,C.C. Hunter
1844280136,Mo Willems
545424941,Maggie Stiefvater
141439637,Henry James
141439637,Patricia Crick
486290727,Edgar Allan Poe
486290727,Gustave Dore
486298574,Charlotte Perkins Gilman
836204387,Bill Watterson
142401757,Sarah Dessen
1596912855,Shannon Hale
1400044162,Chimamanda Ngozi Adichie
345498321,Chetan Bhagat
385523238,Sara Gruen
451197968,Richard Bachman
451197968,Stephen King
031242440X,Marilynne Robinson
006091307X,Thomas Pynchon
525953094,Ken Follett
1423121317,Rachel Hawkins
8498000831,Philip K. Dick
8498000831,David Alabort
8498000831,Manuel Espin
1857231511,Terry Brooks
99297701,Thomas Harris
006114097X,L.J. Smith
60586133,Liane Moriarty
1416974520,L.J. Smith
743466527,Ann-Marie MacDonald
054522490X,Maggie Stiefvater
345539842,Pierce Brown
441005764,Brian Jacques
1250077001,Jenny  Lawson
312986343,Janet Evanovich
553564935,Raymond E. Feist
1405910216,Tracey Garvis-Graves
1439164630,Lisa Genova
671662341,Miep Gies
671662341,Alison Leslie Gold
765316994,John Scalzi
030720961X,Clive Cussler
61245097,Jeaniene Frost
60890681,Liane Moriarty
61449067,Michael  Grant
312349513,Janet Evanovich
8129118807,Chetan Bhagat
7174160,Michael Bond
7174160,Peggy Fortnum
60887338,Sara Shepard
440800463,Beverly Cleary
446364800,Nelson DeMille
1405206128,Lemony Snicket
1405206128,Brett Helquist
1569319472,Rumiko Takahashi
451219422,David Seltzer
312532768,Alyson Noel
446572993,David Baldacci
446402397,Tom Rob Smith
425260933,Liane Moriarty
60527994,Paulo Coelho
60527994,Amanda Hopkinson
60527994,Nick Caistor
1933718005,Audrey Penn
1933718005,Ruth E. Harper
1933718005,Nancy M. Leak
440339340,Lee Child
307395987,John Elder Robison
312979975,Sherrilyn Kenyon
031601477X,James Patterson
031601477X,Gabrielle Charbonnet
743418735,Jodi Picoult
081297235X,Curtis Sittenfeld
1401307450,Anthony Kiedis
1401307450,Larry Sloman
3442723434,Margaret Atwood
3442723434,Brigitte Walitzek
425273865,Sylvia Day
99427869,Richard Bach
316056634,Gail Carriger
142422959,Gayle Forman
1416953574,Lisa McMann
1439107955,Siddhartha Mukherjee
1416940901,Ellen Hopkins
307278492,Gabriel Garcia Marquez
307278492,Edith Grossman
031253955X,Jeffrey Archer
1878424114,Deepak Chopra
312315953,Augusten Burroughs
689878567,Tamora Pierce
446614831,James Patterson
446614831,Andrew Gross
385480016,Anne Lamott
805092528,Kerstin Gier
805092528,Anthea Bell
031259044X,Alyson Noel
689878575,Tamora Pierce
042510687X,Robin Cook
8176210773,Louise L. Hay
015204566X,Patricia C. Wrede
015204566X,Peter de Seve
515130974,Lee Child
425205819,John Sandford
553589172,Tami Hoag
7149824,Michael Chabon
345528670,Melanie Benjamin
439598389,David Shannon
593065700,Lee Child
205313426,William Strunk Jr.
205313426,E.B. White
140620613,Henry James
743294297,Jennifer Weiner
786939532,R.A. Salvatore
156865054X,Larry Niven
156865054X,Jerry Pournelle
307595862,Jo Nesbø
307595862,Don Bartlett
1590171993,John  Williams
1590171993,John McGahern
1401308201,David Cote
1401308201,Stephen Schwartz
1401308201,Joan Marcus
1401308201,Winnie Holzman
074348486X,William Shakespeare
1563892618,Garth Ennis
1563892618,Steve Dillon
1563892618,Joe R. Lansdale
451528921,Edmond Rostand
451528921,Eteel Lawson
451528921,Lowell Bair
374525641,Anne Fadiman
1841496863,Patricia Briggs
159514319X,Richelle Mead
385341652,Karen Marie Moning
316010707,Kate Atkinson
345544110,J. Kenner
812984277,Sophie Kinsella
1563892251,Neil Gaiman
1563892251,Steve Parkhouse
1563892251,Chris Bachalo
1563892251,Michael Zulli
1563892251,Mike Dringenberg
1563892251,Malcolm Jones III
1563892251,Todd Klein
1563892251,Clive Barker
689849109,Eleanor H. Porter
1558745157,Dave Pelzer
1490904387,Hugh Howey
1439102759,Jodi Picoult
450610098,Stephen King
385341679,Karen Marie Moning
385517831,John Grisham
547887205,Lois Lowry
802720854,Simone Elkeles
1595406557,Howard Pyle
679781498,Bret Easton Ellis
393065782,Lawrence Hill
812972147,Anonymous
812972147,Richard Francis Burton
812972147,A.S. Byatt
670021873,Tana French
802122558,Lily King
60090383,Marian Keyes
586008357,Isaac Asimov
99448769,Haruki Murakami
380709244,Beverly Cleary
380709244,Louis Darling
380709244,Tracy Dockray
575090855,Carrie Ryan
736693416,Terry Brooks
375866590,Rachel Cohn
375866590,David Levithan
316074314,Eleanor Catton
60244054,Laura Joffe Numeroff
60244054,Felicia Bond
553588257,Dean Koontz
316779423,David Sedaris
552152951,Terry Pratchett
1581345275,Frank E. Peretti
038000321X,Piers Paul Read
143037749,Zadie Smith
446691097,Joyce Meyer
749932775,Nora Roberts
345335708,David Eddings
451233166,J.R. Ward
1401323820,Richard Castle
345469011,John Irving
7157150,C.S. Lewis
142404128,Roald Dahl
142404128,Quentin Blake
60266864,Laura Joffe Numeroff
60266864,Felicia Bond
684853159,Iain Banks
140006788X,Marisha Pessl
080509329X,Rob Lowe
385536976,Kevin Kwan
385733410,Libba Bray
038533916X,Karen Marie Moning
385341636,Karen Marie Moning
1593070942,Mike Mignola
1593070942,John Byrne
1423160916,Rick Riordan
140439242,Alexandre Dumas
140439242,Francine du Plessix Gray
140439242,Joachim Neugroschel
143039989,Shirley Jackson
143039989,Laura   Miller
684856476,Hunter S. Thompson
60885432,Laura Ingalls Wilder
60885432,Garth Williams
1905654871,P.C. Cast
1905654871,Kristin Cast
312383282,Janet Evanovich
61177598,Charles Bukowski
451200810,John Jakes
044101819X,Patricia Briggs
752858491,Robert Ludlum
6486010,Robin Hobb
399167838,Marie Lu
515126772,Nora Roberts
140449337,Marcus Aurelius
140449337,Martin Hammond
140449337,Diskin Clay
078684907X,Dave Barry
078684907X,Ridley Pearson
078684907X,Greg Call
143036556,Jared Diamond
679735909,A.S. Byatt
1423102282,Melissa de la Cruz
425143325,Tom Clancy
1566195764,Sigmund Freud
671685635,Peter Straub
64410153,Lemony Snicket
64410153,Brett Helquist
076790382X,Bill Bryson
64410161,Lemony Snicket
64410161,Brett Helquist
143035746,Mary Karr
193700788X,Charlaine Harris
000712774X,Ray Bradbury
374104093,Jeff VanderMeer
60775823,Margaret Wise Brown
60775823,Clement Hurd
553805371,Stephen Hawking
553805371,Leonard Mlodinow
385517238,John Grisham
452277752,Richard Bachman
452277752,Stephen King
812551494,Terry Goodkind
1590514637,Jan-Philipp Sendker
1590514637,Kevin Wiliarty
1857231384,Iain M. Banks
671646788,David J. Schwartz
345434803,Anne Rice
6479901,George R.R. Martin
140382623,Carlo Collodi
140382623,John Boyne
140382623,Monteiro Lobato
140382623,Unknown
054762834X,Robin LaFevers
802131786,Henry Miller
60393491,Wally Lamb
61997811,Brian Sibley
1600964338,Leo Tolstoy
1600964338,Aylmer Maude
142000701,John Steinbeck
145161747X,Alice Hoffman
553804693,Scott Lynch
1903434777,Cornelia Funke
1444778536,Susan Ee
553804804,Dean Koontz
451208641,John Howard Griffin
385517882,Chuck Palahniuk
446692654,James Patterson
1400076196,Ian McEwan
345466608,Jonathan Kellerman
446364495,Robert James Waller
593057058,Lee Child
385735294,Michael Scott
805090037,Hilary Mantel
545060397,Rick Riordan
28610105,Mark Bittman
316003727,Stephenie Meyer
486234118,Wassily Kandinsky
743453255,Winston Groom
679720227,Albert Camus
679720227,Justin OBrien
1842430246,Tom Robbins
375757856,Wilkie Collins
375757856,Carolyn G. Heilbrun
224081187,Ian McEwan
751530484,Patricia Cornwell
618062416,Patricia MacLachlan
60735414,Christopher Moore
159285849X,Brene Brown
1423102266,Melissa de la Cruz
670175919,Robert McCloskey
743289412,Stephen King
1451695195,Eben Alexander
61092193,Terry Pratchett
743291476,A.J. Jacobs
553381660,Jean M. Auel
525953485,Harlan Coben
192750976,Beverly Cleary
1416974512,L.J. Smith
375713344,Katherine Dunn
015602764X,Sophocles
015602764X,Dudley Fitts
015602764X,Elena Bono
015602764X,Robert Fitzgerald
156004801,Robert Penn Warren
553375938,Ann Brashares
525950125,Harlan Coben
1841492612,Robert Jordan
1501115065,Fredrik Backman
1501115065,Henning Koch
141659518X,Vince Flynn
1592407331,Brene Brown
316243914,Hannah Kent
1573229725,Sarah Waters
679731148,Peter Mayle
763625892,Kate DiCamillo
763625892,Bagram Ibatoulline
670022802,Jojo Moyes
345298349,Martin Cruz Smith
439771277,Karen Hesse
60851988,Meg Cabot
1419705849,Jeff Kinney
1405258217,Elizabeth Wein
1416903542,Ellen Hopkins
6472613,Sidney Sheldon
425201449,Patricia Cornwell
60845546,Meg Cabot
141026286,Anonymous
141026286,N.K. Sandars
61345660,Anna Godbersen
072325804X,Beatrix Potter
99771810,Philip Roth
1594634718,Elizabeth Gilbert
451464397,Jim Butcher
373772467,Gena Showalter
61474096,Neal Stephenson
60852577,Barbara Kingsolver
552154288,Terry Pratchett
345435168,Elizabeth Berg
1451661509,Jeannette Walls
552992097,John Irving
425204669,Laurell K. Hamilton
051513628X,Nora Roberts
1416950052,Ellen Hopkins
307932230,Janet Evanovich
307932230,Lorelei King
7158505,Dr. Seuss
3518367064,Hermann Hesse
385333471,Kurt Vonnegut Jr.
1421505851,Yoshiki Nakamura
1421505851,Tomo Kimura
439249546,J.K. Rowling
439249546,Mary GrandPre
1597801577,Paolo Bacigalupi
140436065,Oscar Wilde
140436065,Richard Allen Cave
525425632,Stephanie Perkins
441014895,Ilona Andrews
1400096278,Irene Nemirovsky
1400096278,Sandra Smith
140446745,Vincent van Gogh
140446745,Ronald de Leeuw
140446745,Mark Roskill
140446745,Arnold J. Pomerans
61020672,Terry Pratchett
1932664122,Bryan Lee OMalley
1401204252,Grant Morrison
1401204252,Dave McKean
144242673X,Jenny Han
1455559822,David Baldacci
156512569X,Hillary Jordan
871137380,Mark Bowden
765376458,V.E. Schwab
765376458,Victoria Schwab
385513534,David Grann
385743580,Brandon Sanderson
1841493139,Trudi Canavan
385905165,Michael Scott
385340583,Lee Child
439324599,Patricia McCormick
224064908,Roald Dahl
224064908,Quentin Blake
1400033837,Jane Smiley
805080481,Lloyd Alexander
441016154,Patricia Briggs
689829531,Ian Falconer
375705856,Kent Haruf
1560974273,Daniel Clowes
1250006325,Amanda Hocking
451529693,Ivan Turgenev
451529693,George Reavy
451529693,Jane Costlow
884271781,Eliyahu M. Goldratt
884271781,Jeff Cox
670021040,Geraldine Brooks
61284394,Claudia Gray
385340559,Lee Child
452286530,Karen Joy Fowler
385539703,Ian McEwan
739377728,Janet Evanovich
1841499900,James S.A. Corey
1452440026,Rebecca Donovan
147712556,Homer
147712556,Robert Fagles
147712556,Bernard Knox
1563893304,Mark Waid
1563893304,Alex Ross
1563893304,Elliot S. Maggin
61120669,Henri Charriere
1573227889,Sarah Waters
031620157X,Chris Colfer
031620157X,Brandon Dorman
1400063973,David Ebershoff
64407314,Walter Dean Myers
345529057,George R.R. Martin
743493915,Patricia Cornwell
60887370,Sara Shepard
1939045010,Jessica Sorensen
345522478,Kevin Hearne
743211375,Stephen King
553560735,Kim Stanley Robinson
1558611584,Charlotte Perkins Gilman
1558611584,Elaine Hedges
515121843,Nora Roberts
031607991X,Brent Weeks
1442435003,Morgan Matson
446573647,Steve Martin
399244565,John Flanagan
61240850,Marian Keyes
804139296,Peter Thiel
804139296,Blake  Masters
1619636077,Sarah J. Maas
1593080336,Charles Dickens
1593080336,Katharine Kroeber Wiley
804188971,Gillian Flynn
380789027,Neil Gaiman
385333501,Kurt Vonnegut Jr.
671869205,David McCullough
143034758,Ron Chernow
807218731,Dr. Seuss
807218731,Various
140448071,Nikolai Gogol
140448071,Robert A. Maguire
62392174,Kiera Cass
312367481,Arlene Mosel
312367481,Blair Lent
1416974504,L.J. Smith
1451533969,Tina Reber
446608815,James Patterson
802136834,Alison Weir
140185852,Yevgeny Zamyatin
140185852,Clarence Brown
571171788,Barbara Kingsolver
765354063,John Scalzi
074326195X,Alan Paton
60987529,Gregory Maguire
3426615355,Nick Hornby
1442468351,Cassandra Clare
1905294719,Cornelia Funke
553293389,Isaac Asimov
486452433,Thomas Hardy
345335651,David Eddings
374529531,Shirley Jackson
545060508,Margaret Peterson Haddix
61668036,Aprilynne Pike
316910333,Cecily von Ziegesar
553271989,Frederick Forsyth
1400067685,Elizabeth Strout
517053616,William Shakespeare
61054887,Ursula K. Le Guin
1400031575,Henning Mankell
1400031575,Steven T. Murray
385528043,John Grisham
425192032,Dean Koontz
1570425779,James Patterson
1570425779,Keith David
1570425779,Anthony Heald
142408808,Judy Blume
735221081,Shari Lapena
61996181,Cynthia Hand
031624662X,Ann Leckie
765340747,Terry Goodkind
1616149981,Allen Eskens
1595547169,Eric Wilson
140273344,Jack Higgins
425201376,Laurell K. Hamilton
978970764,David Wong
345409469,Carl Sagan
345409469,Ann Druyan
1906427135,Lucy Christopher
1573225126,Elizabeth Wurtzel
080508049X,Lloyd Alexander
525949690,Daniel J. Levitin
62294377,Mitch Albom
031242681X,Augusten Burroughs
1400065755,Anna Quindlen
1579126243,Agatha Christie
310902711,Anonymous
451235843,J.R. Ward
380800829,Julia Quinn
786930705,Margaret Weis
786930705,Tracy Hickman
375508333,Lorraine Hansberry
425184226,Tom Clancy
1607066920,Brian K. Vaughan
1607066920,Fiona Staples
440241014,Lee Child
375701214,Jean-Dominique Bauby
375701214,Jeremy Leggatt
805096663,Bill OReilly
805096663,Martin Dugard
076791936X,Bill Bryson
312595670,Chevy Stevens
6551815,Frank McCourt
1400032059,Charles C. Mann
1250060559,Marissa Meyer
679763309,Kay Redfield Jamison
1591451884,Sarah  Young
451218590,Edward Albee
015603297X,Umberto Eco
015603297X,William Weaver
1594831114,James Patterson
1594831114,Maxine Paetro
330493744,Jacqueline Carey
1595551387,Eric Metaxas
345527712,Janet Evanovich
61449091,Michael  Grant
875093663,A.W. Tozer
373210361,Julie Kagawa
142004332,Jacqueline Winspear
586217835,Raymond E. Feist
385729367,Ann Brashares
552153257,Terry Pratchett
307594777,Stieg Larsson
307594777,Reg Keeland
1842430343,Tom Robbins
61583219,Jeaniene Frost
316159794,James Patterson
64472779,Meg Cabot
380713802,Bill Bryson
375832998,David Levithan
61941026,Wally Lamb
316002895,James Patterson
312656262,Alexandra Adornetto
802142818,Kiran Desai
586066888,Raymond E. Feist
812969901,Johann Wolfgang von Goethe
812969901,Burton Pike
61583073,Jeaniene Frost
375758992,Alexandra Fuller
64404773,Robin McKinley
316069906,Jonathan Safran Foer
60577363,Angie Sage
60577363,Mark Zug
6140105234,سعود السنعوسي
6140105234,Saud Alsanousi
62026488,Rae Carson
312650086,Ann Aguirre
802714625,Dava Sobel
802714625,Neil Armstrong
751530492,Patricia Cornwell
553213482,Johann Wolfgang von Goethe
553213482,Peter Salm
684818868,James W. Loewen
553582461,Robin Hobb
1600102379,Joe Hill
1600102379,Gabriel Rodriguez
446363251,Alexandra Ripley
425205673,Laurell K. Hamilton
684843781,F. Scott Fitzgerald
670023329,Blaine Harden
006057299X,Kim Harrison
1400068320,Curtis Sittenfeld
039333712X,Sarah Thornton
7246226,J.R.R. Tolkien
7246226,Christopher Tolkien
7246226,Alan Lee
785289089,Dave Ramsey
316058432,Richard Atwater
316058432,Florence Atwater
316058432,Robert Lawson
765340054,Orson Scott Card
679732268,William Faulkner
64408671,E.B. White
64408671,Fred Marcellino
812993802,George Saunders
312593554,Sherrilyn Kenyon
671015206,Thomas J. Stanley
671015206,William D. Danko
1423116380,Ally Carter
743244583,Bob Dylan
60920084,Bill Bryson
140006712X,Lisa See
446607207,Sidney Sheldon
60885416,Laura Ingalls Wilder
60885416,Garth Williams
61053562,Iain M. Banks
440228891,George Selden
440228891,Garth Williams
787960756,Patrick Lencioni
142003166,William S. Burroughs
142003166,Oliver  Harris
142003166,Allen Ginsberg
140157352,Roger Fisher
140157352,William Ury
140157352,Bruce Patton
1501110349,Colleen Hoover
1408816032,Madeline Miller
1501139886,Amy Schumer
140449183,Krishna-Dwaipayana Vyasa
140449183,Simon Brodbeck
140449183,Juan Mascaro
143039830,Paul Auster
143039830,Art Spiegelman
043912042X,Pam Muñoz Ryan
316766941,J.D. Salinger
446617687,Candace Bushnell
425209067,Laurell K. Hamilton
014044923X,Friedrich Nietzsche
014044923X,R.J. Hollingdale
014044923X,Michael Tanner
044022800X,Christopher Paul Curtis
876852630,Charles Bukowski
373210515,Julie Kagawa
446546933,Dave Cullen
99471434,Anne Rice
525953728,Mark Owen
525953728,Kevin Maurer
1594487014,Laura Moriarty
684193957,Patricia Cornwell
451191013,Richard Bachman
451191013,Stephen King
1563890356,Neil Gaiman
1563890356,Matt Wagner
1563890356,George Pratt
1563890356,Dick Giordano
1563890356,Kelley Jones
1563890356,P. Craig Russell
1563890356,Mike Dringenberg
1563890356,Malcolm Jones III
1563890356,Todd Klein
1563890356,Harlan Ellison
316013935,James Patterson
316013935,Andrew Gross
1416500340,George Eliot
1622660757,Jennifer L. Armentrout
375760393,Michael Pollan
316123536,Kami Garcia
316123536,Margaret Stohl
1439152780,Kate Morton
751554154,Clare Mackintosh
439295785,Robert Louis Stevenson
306814250,H.G. Bissinger
1594561869,Edgar Allan Poe
014044789X,Ovid
014044789X,David Raeburn
014044789X,Denis Feeney
452274427,Julia Alvarez
743203631,Robert Morgan
983157200,Jennifer L. Armentrout
1582404119,Bo Hampton
1582404119,Tracey Hampton
1582404119,Washington Irving
451217608,Jen Lancaster
399159371,Nora Roberts
380820889,Karin Slaughter
140169300,Wallace Stegner
142501107,Brian Jacques
62072064,Veronica Rossi
1594481954,James Frey
811216012,Tennessee Williams
316002860,James Patterson
553582453,Robin Hobb
446614459,David Baldacci
756402697,Tad Williams
2844140580,Marjane Satrapi
1589190629,Jan Karon
446563048,Tony Hsieh
142405787,Anthony Horowitz
545060427,Gordon Korman
689867042,Holly Black
515133310,Lee Child
61140988,L.J. Smith
62197266,Elizabeth Haynes
140079076,Richard Lancelyn Green
140079076,Ronald Knox
140079076,Julian Symons
140079076,Various
446605484,James Patterson
765344300,Terry Goodkind
60765240,James Rollins
525953507,Harlan Coben
60887397,Sara Shepard
014144116X,E.M. Forster
014144116X,Oliver Stallybrass
014144116X,Pankaj Mishra
515141658,Nora Roberts
553381644,Jean M. Auel
441016383,Jim Butcher
380017601,Erich Segal
62085611,Wendy Higgins
316952664,Herman Wouk
60887184,Bernard Cornwell
887307280,Michael E. Gerber
1416928170,James Howe
1416928170,Deborah Howe
1416928170,Alan Daniel
786939834,R.A. Salvatore
1250006333,Amanda Hocking
525952489,Jussi Adler-Olsen
525952489,Lisa Hartford
517405091,Gabriel Garcia Marquez
142312166X,Rick Riordan
676979785,Oliver Sacks
1501129740,Stephen King
60590319,Christopher Moore
743298853,John Connolly
140003003X,Bill Clinton
1569714029,Frank Miller
1569714029,Lynn Varley
545060494,Linda Sue Park
1423128206,Ally Carter
440241006,Lee Child
425212890,Charlaine Harris
8203180728,Jo Nesbø
8203180728,Don Bartlett
515143804,Nora Roberts
425185508,Jodi Picoult
1591162203,Nobuhiro Watsuki
1591162203,Kenichiro Yagi
1402262272,Miranda Kenneally
60730552,Joe Simpson
1932073205,Dan Millman
312270828,Salman Rushdie
60753943,Jack Welch
60753943,Suzy Welch
618620117,Jonah Lehrer
553381520,Laurie R. King
394805755,Jean de Brunhoff
394805755,Merle S. Haas
385735332,Michael Scott
044101769X,Jim Butcher
385343663,Tom Rachman
375714669,Marjane Satrapi
375714669,Anjali Singh
61020656,Terry Pratchett
586064176,Raymond E. Feist
385613466,Jenny Downham
670021652,Elizabeth Gilbert
142401765,Sarah Dessen
62285637,Veronica Roth
765344319,Terry Goodkind
375413405,Julia Child
375413405,Simone Beck
375413405,Louisette Bertholle
1421540320,Kazue Kato
1421540320,John Werry
765315238,Terry Goodkind
545284139,Jennifer A. Nielsen
1400077427,Daniel Todd Gilbert
015694877X,T.S. Eliot
590319671,Else Holmelund Minarik
590319671,Maurice Sendak
146000110,Edgar Allan Poe
055215315X,Terry Pratchett
552152676,Terry Pratchett
345481283,Naomi Novik
689859368,Holly Black
689859368,Tony DiTerlizzi
140280197,Robert Greene
140280197,Joost Elffers
142401110,Jean Craighead George
749080973,Susanna Kearsley
749080973,Rosalyn Landor
545135702,Peter Lerangis
451159535,Robin Cook
1560252480,Hubert Selby Jr.
1560252480,Darren Aronofsky
1560252480,Richard Price
61284203,Erin Hunter
805066691,Dee Brown
057506708X,Władysław Szpilman
057506708X,Anthea Bell
425267040,Maya Banks
671741039,Robert McCammon
030727103X,Kazuo Ishiguro
345459407,China Mieville
1599903385,Carrie Jones
61020613,Terry Pratchett
014043769X,Geoffrey Crayon
014043769X,Washington Irving
014043769X,William L. Hedges
441328008,Frank Herbert
515090255,David Wilkerson
515090255,John Sherrill
515090255,Elizabeth Sherrill
441015271,Jim Butcher
385671105,Chuck Palahniuk
439443822,Cynthia Lord
075280944X,Michael Connelly
142001619,Mark Kurlansky
037575850X,Charlotte Bronte
037575850X,A.S. Byatt
037575850X,Μαρία Λαϊνά
037575850X,Ignes Sodre
61977969,Neal Stephenson
057506689X,Terry Pratchett
059306173X,Richard Dawkins
1593072937,Frank Miller
055327757X,Og Mandino
014200202X,Ian Fleming
452283868,Toni Morrison
1416563725,Philippa Gregory
425233383,Julie James
7169914,Dr. Seuss
034547063X,Stephen King
034547063X,Peter Straub
785123113,Neil Gaiman
785123113,Andy Kubert
785123113,Richard Isanove
785123113,Peter Sanderson
743270371,Vince Flynn
307959945,Peter Heller
441013406,Jim Butcher
446676438,James Patterson
4103534222,Haruki Murakami
4103534222,村上 春樹
722534876,Paulo Coelho
722534876,Alan R. Clarke
385336691,Lee Child
143036661,Geraldine Brooks
307749606,Lee Child
307749606,Dick Hill
1401209149,Grant Morrison
1401209149,Frank Quitely
1780484259,George R.R. Martin
425259854,Nora Roberts
312590970,Alyson Noel
1101990260,Fiona Barton
545060451,Patrick Carman
62248162,Kiera Cass
374384681,Marie Rutkoski
679766758,Sapphire
1609451341,Elena Ferrante
1609451341,Ann Goldstein
345413970,Arthur C. Clarke
759530017,Atsushi Ohkubo
1451645821,William Kent Krueger
446611778,David Baldacci
1596431520,Gene Luen Yang
991686004,K.A. Tucker
1400065453,David Mitchell
486282082,Christopher Marlowe
312984839,Sherrilyn Kenyon
446611212,James Patterson
671791540,Anthony Robbins
671791540,Tony Robbins
671791540,Frederick L. Covan
515134457,Laurell K. Hamilton
515134473,Laurell K. Hamilton
385333781,Kurt Vonnegut Jr.
812967259,Arthur Conan Doyle
807083690,Octavia E. Butler
60885424,Laura Ingalls Wilder
60885424,Garth Williams
310247454,Henry Cloud
310247454,John Townsend
545424968,Maggie Stiefvater
99399016,Philip Roth
99399016,Luca Marinelli
785274316,John C. Maxwell
785274316,Zig Ziglar
385491026,Margaret Atwood
1841492051,Orson Scott Card
545027896,Brian Selznick
446519138,Sarah Ban Breathnach
1442429984,Moira Young
316014796,James Patterson
316014796,Maxine Paetro
143104888,Edgar Rice Burroughs
143104888,John Seelye
385528787,Margaret Atwood
60264802,Laura Ingalls Wilder
60264802,Garth Williams
812971426,Victoria Finlay
99481685,John Grisham
446613444,Michael Connelly
312577206,Kristin Hannah
1476731535,Christina Lauren
385730306,Libba Bray
375702709,Ernest J. Gaines
1455520616,Nicholas Sparks
385342047,Sophie Kinsella
015626224X,George Orwell
1427814031,Hiro Fujiwara
1551924013,Nick Bantock
080509461X,Leigh Bardugo
9773513912,أحمد خالد توفيق
030794932X,Cheryl Strayed
440244161,Karen Marie Moning
451203267,Ann Rule
61284408,Claudia Gray
606298231,Michael Crichton
440060672,Sidney Sheldon
316069485,Michael Connelly
380731509,Louis Sachar
380731509,Joel Schick
307713547,Julie Orringer
307713547,Arthur Morey
61974618,Pittacus Lore
141439785,Thomas Hardy
141439785,Keith Wilson
99478536,Jo Nesbø
425169693,Alice Hoffman
345503821,Peter V. Brett
689878583,Tamora Pierce
034552425X,Ben Aaronovitch
055255264X,Terry Pratchett
60786523,Vikram Seth
1841497975,Patricia Briggs
425198685,William Gibson
62267523,Peter  Swanson
761104844,Patricia Schultz
60577371,Angie Sage
60577371,Mark Zug
141311401,Roald Dahl
141311401,Quentin Blake
385496095,Anne Lamott
1416548009,Vince Flynn
1416903437,Tamora Pierce
1859855423,Max Lucado
399171614,Renee Ahdieh
307267148,Nicholas D. Kristof
307267148,Sheryl WuDunn
316127256,Daniel Handler
316127256,Maira Kalman
1408852594,Sarah J. Maas
1400064759,Curtis Sittenfeld
441014348,Jim Butcher
449912558,Mary Doria Russell
743422449,Jodi Picoult
1477823832,Charlie N. Holmberg
61728977,Steve Harvey
385526261,Candice Millard
143039970,Shirley Jackson
143039970,Jonathan Lethem
1591451876,Emerson Eggerichs
316166294,Michael Connelly
553560719,Timothy Zahn
385344341,Lee Child
60575808,Gail Carson Levine
60929782,Richard Wright
60929782,Jerry W. Ward Jr.
446678457,Lalita Tademy
765305240,Terry Goodkind
553587579,Isaac Asimov
553384155,James D. Bradley
553384155,Ron Powers
525444475,A.A. Milne
525444475,Ernest H. Shepard
807059099,Mahatma Gandhi
425179613,Lance Armstrong
425179613,Sally Jenkins
074347788X,Stephen E. Ambrose
224097008,Helen Macdonald
1560760478,R.A. Salvatore
785135804,Christopher Yost
785135804,Orson Scott Card
785135804,Pasqual Ferry
785135804,Frank DArmata
1421527553,Karuho Shiina
1421527553,Tomo Kimura
553580221,Dean Koontz
552152943,Terry Pratchett
1585425648,James Allen
393064646,Mary Roach
451222385,Rachel Caine
553418777,Nina George
553418777,Simon Pare
224097377,Ian McEwan
6479758,Tom Clancy
310321913,Ann Voskamp
747545251,Robert Bloch
000649885X,Robin Hobb
1560254556,Alistair MacLean
1560254556,Clint Willis
99498596,Maeve Binchy
1502784270,Rupi Kaur
425170349,Tom Clancy
60515228,Neil Gaiman
749942010,Rosamund Lupton
765377063,Liu Cixin
765377063,Ken Liu
61031321,Terry Pratchett
1401201911,Mark Millar
1401201911,Kilian Plunkett
1401201911,Andrew Robinson
1401201911,Walden Wong
1401201911,Dave Johnson
385721420,Julia Glass
743255062,Benjamin Franklin
743255062,Lewis Leary
525950494,Timothy J. Keller
1937007472,Mark  Lawrence
1250000971,Jeffrey Archer
60725117,Meg Cabot
61566128,Sara Shepard
316036196,James Patterson
553807226,Sarah Addison Allen
152026320,Audrey Wood
152026320,Don    Wood
60590297,Christopher Moore
812515285,Vernor Vinge
1577311957,Eckhart Tolle
038532328X,Caroline B. Cooney
61935085,Sophie Jordan
156453800,Italo Calvino
156453800,William Weaver
1741666708,Richard Flanagan
452281423,A.N. Roquelaure
452281423,Anne Rice
143116231,Jennifer Worth
222109073X,Hunter S. Thompson
1451617720,Jennifer Weiner
61020001,L.J. Smith
380776839,Susan Elizabeth Phillips
393343448,Michael   Lewis
140447644,Stendhal
140447644,Roger Gard
743269268,Philippa Gregory
340893605,Catherine Fisher
312624689,C.C. Hunter
451213041,Bev Vincent
62011995,Josephine Angelini
312590989,Alyson Noel
553282980,N.H. Kleinbaum
552154229,Terry Pratchett
1741661285,John Flanagan
876120834,Paramahansa Yogananda
345522494,Kevin Hearne
590431978,Alvin Schwartz
590431978,Stephen Gammell
525955097,Harlan Coben
679721037,John Hersey
316041440,Jennifer Brown
62235656,Kasie West
517223120,Karen Armstrong
316129070,James S.A. Corey
143039962,Pablo Neruda
143039962,W.S. Merwin
143039962,Cristina Garcia
425116840,Tom Clancy
590930028,David Shannon
140449108,Thomas More
140449108,Paul Turner
316113662,Pseudonymous Bosch
316113662,Gilbert Ford
62280678,Danielle  Paige
553804790,Dean Koontz
385501129,Aimee Bender
446610224,James Patterson
385722206,Dai Sijie
385722206,Ina Rilke
62282719,Roxane Gay
671729470,V.C. Andrews
375814256,Roald Dahl
375814256,Quentin Blake
1594202842,Amy Chua
425204693,Patricia Cornwell
446619035,James Patterson
8188575704,Ravinder Singh
64401480,Betty MacDonald
64401480,Alexandra Boiger
312941919,Michael Connelly
62265423,Dan   Harris
446690449,Michael Connelly
1857989341,Isaac Asimov
545060478,Peter Lerangis
60838744,Sena Jeter Naslund
345470575,CLAMP
345470575,Anthony Gerard
316905712,Darren Shan
1563898586,Alan Moore
1563898586,Kevin ONeill
763622591,M.T. Anderson
425226921,Nalini Singh
486275485,Euripides
486275485,Rex Warner
1423118235,Cinda Williams Chima
842314296,Hannah Hurnard
037542380X,Charles Burns
1607069318,Brian K. Vaughan
1607069318,Fiona Staples
804178747,Lee Child
081297736X,Kurt Vonnegut Jr.
1101883073,Martha Hall Kelly
316017701,James Patterson
316017701,Maxine Paetro
593073894,Lee Child
770436420,Anthony Marra
307594033,Will Schwalbe
1416913184,Lauren Barnholdt
174166134X,John Flanagan
1563894459,Warren Ellis
1563894459,Darick Robertston
1563894459,Garth Ennis
1416903372,Tamora Pierce
307590615,George W. Bush
64400581,Jean Craighead George
64400581,John Schoenherr
033039780X,Judy Blume
1476728747,David McCullough
752858556,Robert Ludlum
1400063256,Jon Meacham
446573051,David Baldacci
765378558,Brandon Sanderson
345807952,Helen Fielding
6280897,C.S. Lewis
042524413X,Alyson Richman
847826465,Umberto Eco
847826465,Girolamo De Michele
847826465,Alastair McEwen
067972477X,Robert Graves
547959109,Joelle Charbonneau
1469984016,Kirsty Moseley
037581468X,Tamora Pierce
312662750,Darynda Jones
1451651694,Amanda Lindhout
1451651694,Sara Corbett
1596437138,Vera Brosgol
067978148X,Bret Easton Ellis
60572973,Kim Harrison
786942460,R.A. Salvatore
140274219,Jean Rhys
316296198,John Fowles
552148032,David Eddings
60288132,Louise Rennison
316134074,Laini Taylor
385525001,John Grisham
1402784031,Colleen Houck
441102670,Frank Herbert
399252517,Jacqueline Woodson
316081051,Mira Grant
553213180,L.M. Montgomery
345476166,Steve Berry
1401340903,Katherine Howe
765310023,Steven Erikson
1743342373,Kylie Scott
312997132,Jeffrey Archer
575082453,Joe Abercrombie
62309668,Emma Healey
1416505016,Vince Flynn
679444327,Isabel Wilkerson
62206281,Carlos Ruiz Zafon
671047345,Vince Flynn
439829100,John Marsden
1599951495,Robert M. Edsel
1599951495,Bret Witter
374346674,Ava Dellaira
1101947136,Yaa Gyasi
393068471,Mary Roach
446195502,David Baldacci
785132619,Mark Millar
785132619,John Romita Jr.
785132619,Rob Liefeld
1401908977,Immaculee Ilibagiza
1401908977,Steve Erwin
61449121,Michael  Grant
321107217,Charles Dickens
2877068161,Joel Dicker
316176532,Kate Atkinson
052595158X,Harlan Coben
373802498,Maria V. Snyder
156931778X,Koushun Takami
156931778X,Yuji Oniki
553807218,Sarah Addison Allen
1842323008,Nevil Shute
039916927X,Sophia Amoruso
778325318,Diane Chamberlain
425230074,Nora Roberts
425147584,Tom Clancy
156904365,C.S. Lewis
142406120,Anthony Horowitz
425181111,Dean Koontz
451209338,Daniel Silva
1844280594,Mo Willems
62067753,Terry Pratchett
62067753,Stephen Baxter
446691437,Steven Pressfield
446691437,Robert McKee
679723056,Raymond Carver
670061107,Sarah Dessen
316187747,Michael J. Sullivan
1250010691,Diane Chamberlain
449208133,Larry Niven
449208133,Jerry Pournelle
425205754,Nora Roberts
451530179,W. Somerset Maugham
451530179,Benjamin DeMott
451530179,Maeve Binchy
451471474,Gayle Forman
525467262,A.A. Milne
525467262,Ernest H. Shepard
553584537,Lisa Gardner
395169615,Virginia Lee Burton
62278789,Veronica Roth
61161640,Terry Pratchett
1423368991,Nora Roberts
140230270,Jodi Picoult
1423157516,Alexandra Bracken
446407410,Vicki Myron
446407410,Bret Witter
60788380,Kim Harrison
076536543X,Brandon Sanderson
671024094,Jeffery Deaver
545060486,Gordon Korman
618164413,Margret Rey
618164413,H.A. Rey
316069418,Michael Connelly
189221301X,Naoko Takeuchi
545326990,Raina Telgemeier
545326990,Gurihiru
074326004X,Sarah Vowell
380014300,Roger Zelazny
1451693567,Alice Hoffman
765304961,Orson Scott Card
042519485X,MaryJanice Davidson
385418868,Joseph Campbell
385418868,Bill Moyers
765375869,John Scalzi
385351232,Jo Baker
399230033,Peggy Rathmann
62217135,Robyn Schneider
054506046X,Jude Watson
1840187166,Frank W. Abagnale
1840187166,Stan Redding
515133876,Laurell K. Hamilton
684865181,Gary Zukav
345545834,J. Kenner
067003777X,Marisha Pessl
62259652,Josh Malerman
62071041,Dan Wells
618773479,Timothy Egan
758278454,Ellen Marie Wiseman
006156608X,Sara Shepard
1416516352,Vince Flynn
60931728,Sylvia Plath
1401235417,Scott Snyder
1401235417,Greg Capullo
1401235417,Jonathan Glapion
60735422,Christopher Moore
451219953,Raymond Khoury
345518519,Kathy Griffin
60932147,Milan Kundera
60932147,Aaron Asher
440222656,Nicholas Evans
61566179,Sara Shepard
60788704,Kim Harrison
048627263X,Edwin A. Abbott
048627263X,Banesh Hoffmann
031612611X,Libba Bray
375851798,Tim Tharp
61129739,Erich Fromm
61129739,Peter D. Kramer
61129739,Rainer Funk
043979143X,Suzanne Collins
380821214,Terry Pratchett
1563890933,Neil Gaiman
1563890933,Shawn McManus
1563890933,Colleen Doran
1563890933,Bryan Talbot
1563890933,George Pratt
1563890933,Stan Woch
1563890933,Dick Giordano
1563890933,Todd Klein
60731486,Marian Keyes
553381539,Pat Conroy
842313079,Francine Rivers
440184622,James Clavell
399157220,Eleanor Brown
413771164,Terry Pratchett
60920432,Mihaly Csikszentmihalyi
1932796789,Margaret Weis
1932796789,Tracy Hickman
1439177805,Portia de Rossi
312949804,Lisa Kleypas
1416522913,Carl Bernstein
1416522913,Bob Woodward
399254838,Andrea Cremer
141439629,George Eliot
141439629,A.S. Byatt
1400066409,Gary Shteyngart
441068804,Robin McKinley
451239350,J.R. Ward
159514451X,Michelle Rowen
159514451X,Richelle Mead
6280838,C.S. Lewis
465026567,Douglas R. Hofstadter
805005013,Robert Frost
805005013,Edward Connery Lathem
439286069,Rodman Philbrick
316212822,Jennifer E. Smith
310245656,Philip Yancey
1416595201,Vince Flynn
553381652,Jean M. Auel
1419711326,Jeff Kinney
316159417,Åsne Seierstad
316159417,Ingrid Christopherson
743437314,D.J. MacHale
345497511,China Mieville
1416510567,Kathy Reichs
441017029,Ilona Andrews
1478322306,Chelsea M. Cameron
425176088,Arthur Hailey
446545244,James Patterson
791071685,Harold Bloom
791071685,Terry Southern
791071685,David H. Goldsmith
791071685,James Lundquist
791071685,Lawrence R. Broer
791071685,Peter J. Reed
791071685,Loree Rackstraw
791071685,William S. Doxey
791071685,Jerome Klinkowitz
791071685,Richard Giannone
791071685,John L. Simons
791071685,Leonard Mustazza
791071685,Zoltan Ab di-Nagy
791071685,Peter Freese
791071685,Wendy B. Faris
192751077,Beverly Cleary
192751077,Alan Tiegreen
553564927,Timothy Zahn
1616960922,Brandon Sanderson
1416584080,Stephen King
786851716,Patricia McCormick
192838997,Alexander Pushkin
192838997,James E. Falen
1423171020,Amie Kaufman
1423171020,Meagan Spooner
670062278,Alison Goodman
689862210,E.L. Konigsburg
312594429,P.C. Cast
312594429,Kristin Cast
1423121325,Rachel Hawkins
1557091552,Carolyn Keene
1557091552,Russell H. Tandy
1557091552,Sara Paretsky
446679089,Nelson DeMille
60775971,Hugh Lofting
60775971,Michael Hague
743454510,Jodi Picoult
069401298X,Arnold Lobel
1563127873,Shirley Jackson
345459202,Adriana Trigiani
61797022,Kelley Armstrong
1595143203,Richelle Mead
441018521,Ilona Andrews
1501116975,Isabel Allende
1501116975,Nick Caistor
1501116975,Amanda Hopkinson
552154164,Terry Pratchett
553589377,Lara Adrian
375753737,D.H. Lawrence
375753737,Geoff Dyer
031235326X,Barbara Taylor Bradford
1455521213,David Baldacci
441013678,William Gibson
140006466X,Lisa See
316051594,Sarah Ockler
446677477,Robert T. Kiyosaki
446677477,Sharon L. Lechter
1605980927,Camilla Läckberg
1605980927,Steven T. Murray
767907817,Jane Green
765316978,John Scalzi
60283289,Laura Joffe Numeroff
60283289,Felicia Bond
147677143X,Colleen Hoover
60086246,Marian Keyes
148234873X,Georgia Cates
441328091,Robin McKinley
1593080298,Franz Kafka
1593080298,Jason Baker
1593080298,Donna Freed
006079156X,Thrity Umrigar
451528182,Unknown
451528182,Burton Raffel
451528182,Neil D. Isaacs
140621334,Jerome K. Jerome
345326490,Edward Abbey
312306342,Janet Evanovich
159562015X,Tom Rath
1842431293,Tom Robbins
6178731,Sidney Sheldon
1595144331,Richelle Mead
142998192X,Alyson Noel
1481280767,Bella Forrest
553381350,Tom Wolfe
345476980,Tess Gerritsen
006056668X,Christopher Moore
871917726,Edgar Allan Poe
871917726,Byron Glaser
871917726,Bill D. Fountain
1594487561,Jean Kwok
62014552,Lauren Oliver
1579124577,Leonardo da Vinci
1579124577,H. Anna Suh
1477808701,Blake Crouch
553536516,Sophie Kinsella
7158475,Dr. Seuss
375706852,Orhan Pamuk
375706852,Erdağ M. Göknar
671227424,Carlos Castaneda
689878362,Marcia Brown
786839171,Cinda Williams Chima
075791084X,John   Williams
1852864982,Neil Gaiman
1852864982,Chris Bachalo
1852864982,Mark Buckingham
1852864982,Tori Amos
62208195,Tahereh Mafi
553588079,Lisa Gardner
1400062756,Carol S. Dweck
545060443,Jude Watson
6280935,C.S. Lewis
1416949658,Susan Cooper
374239215,Jonathan Franzen
451205421,Richard Paige
451205421,Dean Koontz
747266921,James Patterson
312364105,Kristin Hannah
385334230,Kurt Vonnegut Jr.
812975219,Nassim Nicholas Taleb
425213978,Kate Mosse
375705244,Joseph J. Ellis
553565079,Isaac Asimov
3401063472,Kerstin Gier
307700666,Lawrence Wright
759529434,Young Kim
759529434,Stephenie Meyer
99478331,John Fowles
486223051,Samuel Taylor Coleridge
486223051,Gustave Dore
920236162,Robert Munsch
920236162,Michael Martchenko
582461502,John Steinbeck
812966295,H. Rider Haggard
1563891379,Neil Gaiman
1563891379,Jill Thompson
1563891379,Vince Locke
1563891379,Peter Straub
61720771,L.J. Smith
375828257,Jeanne DuPrau
374506841,Hermann Hesse
374506841,Ursule Molinaro
1563891069,Neil Gaiman
1563891069,Bryan Talbot
1563891069,Stan Woch
1563891069,P. Craig Russell
1563891069,Shawn McManus
1563891069,John Watkiss
1563891069,Jill Thompson
1563891069,Duncan Eagleson
1563891069,Kent Williams
1563891069,Todd Klein
1620401398,Samantha Shannon
141439963,Charles Dickens
141439963,Helen Small
141439963,Stephen Wall
142406139,Anthony Horowitz
739418378,Jacqueline Susann
375760385,James A. Michener
1400033543,Dave Eggers
9770907375,Radwa Ashour
9770907375,رضوى عاشور
689853491,Michael Rosen
689853491,Helen Oxenbury
1595142711,Richelle Mead
345352661,David Eddings
399156577,Nora Roberts
446613371,James Patterson
446613371,Howard Roughan
345461622,Peter F. Hamilton
439224063,Edgar Allan Poe
439224063,Philip Pullman
077832740X,Heather Gudenkauf
62330268,Neil Gaiman
068482535X,David Herbert Donald
441015832,Ilona Andrews
143039024,Graham Greene
143039024,Robert  Stone
1480114480,Katie Ashley
425213382,Patricia Cornwell
393307050,Patrick OBrian
575077352,Akira Toriyama
441009425,Alastair Reynolds
316096156,James Patterson
316096156,Maxine Paetro
312652917,Janet Evanovich
1416980067,Rachel Renee Russell
1416509879,Kresley Cole
159514398X,Beth Revis
1841493155,Trudi Canavan
62107313,Amy Tan
446694851,Nicholas Sparks
446694851,Micah Sparks
080508052X,Lloyd Alexander
62004018,Amy Plum
394724550,Anne Morrow Lindbergh
452287081,John Perkins
802130305,Jorge Luis Borges
802130305,Anthony Kerrigan
802130305,Anthony Bonner
425141233,John Sandford
684843323,Ernest Hemingway
671037706,Ray Bradbury
009947137X,Anne Rice
385528752,Chip Heath
385528752,Dan Heath
99470470,John Fowles
60734086,Gail Carson Levine
006218850X,Amanda Coplin
767919408,Bill Bryson
752876821,Maeve Binchy
1857239016,Terry Brooks
808516965,L.M. Montgomery
014044176X,Mikhail Lermontov
014044176X,Paul Foote
084230052X,Francine Rivers
385494246,Ian McEwan
812966007,Edmund Morris
031215125X,M.M. Kaye
385340567,Lee Child
1101874082,Paulo Coelho
312289510,Donna VanLiere
553805096,Alice Schroeder
743452925,Julie Garwood
1741662095,John Flanagan
525953493,Harlan Coben
375706860,Orhan Pamuk
375706860,Maureen Freely
1741663024,John Flanagan
345447867,Tess Gerritsen
307098222,Betty Crocker
312367465,Gabrielle Zevin
525952276,Harlan Coben
316117366,James Patterson
316117366,Michael Ledwidge
316013943,James Patterson
316013943,Michael Ledwidge
803738552,Holly Goldberg Sloan
61284475,Claudia Gray
345490657,Laurell K. Hamilton
743453964,Vince Flynn
1423368886,Nora Roberts
1423368886,Angela Dawe
1599869691,Richard Connell
765319853,Cory Doctorow
1400095921,Jeff Lindsay
62509594,Jalaluddin Rumi
62509594,Coleman Barks
147671777X,Lisa Genova
765348802,Steven Erikson
553807056,Dean Koontz
451220897,Rachel Caine
141690817X,Tamora Pierce
765317583,William R. Forstchen
439656249,Suzanne Collins
374193681,David Levithan
1857231325,Terry Brooks
373772327,Gena Showalter
983157227,Jennifer L. Armentrout
743299396,Miranda July
345522486,Kevin Hearne
1416509887,Kresley Cole
1416599398,Vince Flynn
1632150778,Brian K. Vaughan
1632150778,Fiona Staples
1476759545,Jamie McGuire
1400068312,Curtis Sittenfeld
1594488878,Nick Hornby
1558749209,Jack Canfield
1558749209,Mark Victor Hansen
044661758X,Michael Connelly
61051586,Terry Pratchett
038533351X,Kurt Vonnegut Jr.
684847817,Brian Froud
684847817,Terry Windling
316043877,Elin Hilderbrand
451822196,Stephen King
451822196,Bernie Wrightson
142401099,Jane Yolen
312347294,Alan Weisman
375708278,Erik Larson
141184272,Virginia Woolf
000723368X,Cecelia Ahern
140432108,Anne Bronte
140432108,Angeline Goreau
399153721,Nora Roberts
1416595163,Vince Flynn
312362153,Sherrilyn Kenyon
038541305X,Pat Conroy
676977731,Ami McKay
1416953582,Lisa McMann
1400031699,Donna Tartt
1423113497,Rick Riordan
803733062,Ingrid Law
034551176X,Bill Simmons
446613355,James Patterson
8173711461,A.P.J. Abdul Kalam
8173711461,Arun Tiwari
62113933,L.J. Smith
62113933,Kevin Williamson
62113933,Julie Plec
159420411X,Nate Silver
399160302,Ruta Sepetys
157912626X,Agatha Christie
